index,x,y
0,129.0,-272.0
1,130.0,-273.0
2,131.0,-274.0
3,132.0,-274.0
4,133.0,-275.0
5,134.0,-275.0
6,135.0,-275.0
7,136.0,-276.0
8,137.0,-276.0
9,138.0,-276.0
10,139.0,-276.0
11,140.0,-276.0
12,141.0,-277.0
13,142.0,-278.0
14,143.0,-278.0
15,144.0,-278.0
16,145.0,-278.0
17,146.0,-278.0
18,147.0,-278.0
19,148.0,-278.0
20,149.0,-278.0
21,150.0,-278.0
22,151.0,-278.0
23,152.0,-278.0
24,153.0,-278.0
25,154.0,-278.0
26,155.0,-278.0
27,156.0,-278.0
28,157.0,-278.0
29,158.0,-278.0
30,159.0,-278.0
31,160.0,-277.0
32,160.0,-276.0
33,160.0,-275.0
34,160.0,-274.0
35,160.0,-273.0
36,160.0,-272.0
37,160.0,-271.0
38,160.0,-270.0
39,160.0,-269.0
40,160.0,-268.0
41,160.0,-267.0
42,160.0,-266.0
43,160.0,-265.0
44,160.0,-264.0
45,160.0,-263.0
46,160.0,-262.0
47,160.0,-261.0
48,160.0,-260.0
49,160.0,-259.0
50,160.0,-258.0
51,160.0,-257.0
52,160.0,-256.0
53,160.0,-255.0
54,160.0,-254.0
55,160.0,-253.0
56,160.0,-252.0
57,160.0,-251.0
58,160.0,-250.0
59,160.0,-249.0
60,160.0,-248.0
61,160.0,-247.0
62,160.0,-246.0
63,160.0,-245.0
64,160.0,-244.0
65,160.0,-243.0
66,160.0,-242.0
67,160.0,-241.0
68,160.0,-240.0
69,160.0,-239.0
70,160.0,-238.0
71,160.0,-237.0
72,160.0,-236.0
73,160.0,-235.0
74,160.0,-234.0
75,160.0,-233.0
76,160.0,-232.0
77,160.0,-231.0
78,160.0,-230.0
79,160.0,-229.0
80,160.0,-228.0
81,160.0,-227.0
82,160.0,-226.0
83,160.0,-225.0
84,160.0,-224.0
85,160.0,-223.0
86,160.0,-222.0
87,160.0,-221.0
88,160.0,-220.0
89,160.0,-219.0
90,160.0,-218.0
91,160.0,-217.0
92,160.0,-216.0
93,160.0,-215.0
94,160.0,-214.0
95,160.0,-213.0
96,160.0,-212.0
97,160.0,-211.0
98,160.0,-210.0
99,160.0,-209.0
100,160.0,-208.0
101,160.0,-207.0
102,160.0,-206.0
103,160.0,-205.0
104,160.0,-204.0
105,160.0,-203.0
106,160.0,-202.0
107,160.0,-201.0
108,160.0,-200.0
109,160.0,-199.0
110,160.0,-198.0
111,160.0,-197.0
112,160.0,-196.0
113,160.0,-195.0
114,160.0,-194.0
115,160.0,-193.0
116,160.0,-192.0
117,160.0,-191.0
118,160.0,-190.0
119,160.0,-189.0
120,160.0,-188.0
121,160.0,-187.0
122,160.0,-186.0
123,160.0,-185.0
124,160.0,-184.0
125,160.0,-183.0
126,160.0,-182.0
127,160.0,-181.0
128,160.0,-180.0
129,160.0,-179.0
130,160.0,-178.0
131,160.0,-177.0
132,160.0,-176.0
133,160.0,-175.0
134,160.0,-174.0
135,160.0,-173.0
136,160.0,-172.0
137,160.0,-171.0
138,160.0,-170.0
139,160.0,-169.0
140,160.0,-168.0
141,160.0,-167.0
142,160.0,-166.0
143,160.0,-165.0
144,160.0,-164.0
145,160.0,-163.0
146,160.0,-162.0
147,160.0,-161.0
148,160.0,-160.0
149,160.0,-159.0
150,160.0,-158.0
151,160.0,-157.0
152,160.0,-156.0
153,160.0,-155.0
154,160.0,-154.0
155,160.0,-153.0
156,160.0,-152.0
157,160.0,-151.0
158,160.0,-150.0
159,160.0,-149.0
160,160.0,-148.0
161,160.0,-147.0
162,160.0,-146.0
163,160.0,-145.0
164,160.0,-144.0
165,160.0,-143.0
166,161.0,-142.0
167,160.0,-143.0
168,160.0,-142.0
169,159.0,-141.0
170,158.0,-141.0
171,157.0,-141.0
172,156.0,-141.0
173,155.0,-141.0
174,154.0,-141.0
175,153.0,-141.0
176,152.0,-141.0
177,151.0,-141.0
178,150.0,-141.0
179,149.0,-141.0
180,148.0,-141.0
181,147.0,-141.0
182,146.0,-141.0
183,145.0,-141.0
184,144.0,-141.0
185,145.0,-141.0
186,146.0,-141.0
187,147.0,-141.0
188,148.0,-141.0
189,149.0,-141.0
190,150.0,-141.0
191,151.0,-141.0
192,152.0,-141.0
193,153.0,-141.0
194,154.0,-141.0
195,155.0,-141.0
196,156.0,-141.0
197,157.0,-141.0
198,158.0,-141.0
199,159.0,-141.0
200,160.0,-142.0
201,161.0,-142.0
202,162.0,-142.0
203,163.0,-143.0
204,164.0,-143.0
205,165.0,-143.0
206,166.0,-143.0
207,167.0,-144.0
208,168.0,-144.0
209,169.0,-145.0
210,170.0,-145.0
211,171.0,-145.0
212,172.0,-146.0
213,173.0,-146.0
214,174.0,-146.0
215,175.0,-147.0
216,175.0,-148.0
217,175.0,-149.0
218,175.0,-150.0
219,176.0,-151.0
220,177.0,-151.0
221,178.0,-151.0
222,179.0,-151.0
223,180.0,-151.0
224,181.0,-150.0
225,182.0,-150.0
226,183.0,-150.0
227,184.0,-149.0
228,185.0,-149.0
229,186.0,-149.0
230,187.0,-148.0
231,188.0,-148.0
232,189.0,-148.0
233,190.0,-147.0
234,191.0,-147.0
235,192.0,-147.0
236,193.0,-147.0
237,192.0,-147.0
238,191.0,-147.0
239,190.0,-147.0
240,189.0,-148.0
241,188.0,-148.0
242,187.0,-148.0
243,186.0,-149.0
244,185.0,-149.0
245,184.0,-149.0
246,183.0,-150.0
247,182.0,-150.0
248,181.0,-150.0
249,180.0,-151.0
250,179.0,-151.0
251,178.0,-151.0
252,177.0,-151.0
253,176.0,-151.0
254,175.0,-152.0
255,175.0,-151.0
256,176.0,-151.0
257,175.0,-150.0
258,175.0,-151.0
259,175.0,-152.0
260,175.0,-153.0
261,175.0,-154.0
262,175.0,-155.0
263,175.0,-156.0
264,175.0,-157.0
265,175.0,-158.0
266,175.0,-159.0
267,175.0,-160.0
268,175.0,-161.0
269,175.0,-162.0
270,175.0,-163.0
271,175.0,-164.0
272,175.0,-165.0
273,175.0,-166.0
274,175.0,-167.0
275,175.0,-168.0
276,175.0,-169.0
277,175.0,-170.0
278,175.0,-171.0
279,175.0,-172.0
280,175.0,-173.0
281,175.0,-174.0
282,175.0,-175.0
283,175.0,-176.0
284,175.0,-177.0
285,175.0,-178.0
286,175.0,-179.0
287,175.0,-180.0
288,175.0,-181.0
289,175.0,-182.0
290,175.0,-183.0
291,175.0,-184.0
292,175.0,-185.0
293,175.0,-186.0
294,175.0,-187.0
295,175.0,-188.0
296,175.0,-189.0
297,175.0,-190.0
298,175.0,-191.0
299,175.0,-192.0
300,175.0,-193.0
301,175.0,-194.0
302,175.0,-195.0
303,175.0,-196.0
304,175.0,-197.0
305,175.0,-198.0
306,175.0,-199.0
307,175.0,-200.0
308,175.0,-201.0
309,175.0,-202.0
310,175.0,-203.0
311,175.0,-204.0
312,175.0,-205.0
313,175.0,-206.0
314,175.0,-207.0
315,175.0,-208.0
316,175.0,-209.0
317,175.0,-210.0
318,175.0,-211.0
319,175.0,-212.0
320,175.0,-213.0
321,175.0,-214.0
322,175.0,-215.0
323,175.0,-216.0
324,175.0,-217.0
325,175.0,-218.0
326,175.0,-219.0
327,175.0,-220.0
328,175.0,-221.0
329,175.0,-222.0
330,175.0,-223.0
331,175.0,-224.0
332,175.0,-225.0
333,175.0,-226.0
334,175.0,-227.0
335,175.0,-228.0
336,175.0,-229.0
337,175.0,-230.0
338,175.0,-231.0
339,175.0,-232.0
340,175.0,-233.0
341,175.0,-234.0
342,175.0,-235.0
343,175.0,-236.0
344,175.0,-237.0
345,175.0,-238.0
346,175.0,-239.0
347,175.0,-240.0
348,175.0,-241.0
349,175.0,-242.0
350,175.0,-243.0
351,175.0,-244.0
352,175.0,-245.0
353,175.0,-246.0
354,175.0,-247.0
355,175.0,-248.0
356,175.0,-249.0
357,175.0,-250.0
358,175.0,-251.0
359,175.0,-252.0
360,175.0,-253.0
361,175.0,-254.0
362,175.0,-255.0
363,175.0,-256.0
364,175.0,-257.0
365,175.0,-258.0
366,175.0,-259.0
367,175.0,-260.0
368,175.0,-261.0
369,175.0,-262.0
370,175.0,-263.0
371,175.0,-264.0
372,175.0,-265.0
373,175.0,-266.0
374,175.0,-267.0
375,175.0,-268.0
376,175.0,-269.0
377,175.0,-270.0
378,175.0,-271.0
379,175.0,-272.0
380,176.0,-273.0
381,177.0,-273.0
382,178.0,-273.0
383,179.0,-273.0
384,180.0,-273.0
385,181.0,-273.0
386,182.0,-273.0
387,183.0,-273.0
388,184.0,-273.0
389,185.0,-272.0
390,186.0,-272.0
391,187.0,-272.0
392,188.0,-272.0
393,189.0,-272.0
394,190.0,-272.0
395,191.0,-272.0
396,192.0,-272.0
397,193.0,-272.0
398,194.0,-272.0
399,195.0,-271.0
400,195.0,-270.0
401,195.0,-269.0
402,195.0,-268.0
403,195.0,-267.0
404,195.0,-266.0
405,195.0,-265.0
406,195.0,-264.0
407,195.0,-263.0
408,195.0,-262.0
409,195.0,-261.0
410,195.0,-260.0
411,195.0,-259.0
412,195.0,-258.0
413,195.0,-257.0
414,195.0,-256.0
415,195.0,-255.0
416,195.0,-254.0
417,195.0,-253.0
418,195.0,-252.0
419,195.0,-251.0
420,195.0,-250.0
421,195.0,-249.0
422,195.0,-248.0
423,195.0,-247.0
424,195.0,-246.0
425,195.0,-245.0
426,195.0,-244.0
427,195.0,-243.0
428,195.0,-242.0
429,195.0,-241.0
430,195.0,-240.0
431,195.0,-239.0
432,195.0,-238.0
433,195.0,-237.0
434,195.0,-236.0
435,195.0,-235.0
436,195.0,-234.0
437,195.0,-233.0
438,195.0,-232.0
439,195.0,-231.0
440,195.0,-230.0
441,195.0,-229.0
442,195.0,-228.0
443,195.0,-227.0
444,195.0,-226.0
445,195.0,-225.0
446,195.0,-224.0
447,195.0,-223.0
448,195.0,-222.0
449,195.0,-221.0
450,195.0,-220.0
451,195.0,-219.0
452,195.0,-218.0
453,195.0,-217.0
454,195.0,-216.0
455,195.0,-215.0
456,195.0,-214.0
457,195.0,-213.0
458,195.0,-212.0
459,195.0,-211.0
460,195.0,-210.0
461,195.0,-209.0
462,195.0,-208.0
463,195.0,-207.0
464,195.0,-206.0
465,195.0,-205.0
466,195.0,-204.0
467,195.0,-203.0
468,195.0,-202.0
469,195.0,-201.0
470,195.0,-200.0
471,195.0,-199.0
472,195.0,-198.0
473,195.0,-197.0
474,195.0,-196.0
475,195.0,-195.0
476,195.0,-194.0
477,195.0,-193.0
478,195.0,-192.0
479,195.0,-191.0
480,195.0,-190.0
481,195.0,-189.0
482,195.0,-188.0
483,195.0,-187.0
484,195.0,-186.0
485,195.0,-185.0
486,195.0,-184.0
487,195.0,-183.0
488,195.0,-182.0
489,195.0,-181.0
490,195.0,-180.0
491,195.0,-179.0
492,195.0,-178.0
493,195.0,-177.0
494,195.0,-176.0
495,195.0,-175.0
496,195.0,-174.0
497,195.0,-173.0
498,195.0,-172.0
499,195.0,-171.0
500,195.0,-170.0
501,195.0,-169.0
502,195.0,-168.0
503,195.0,-167.0
504,195.0,-166.0
505,195.0,-165.0
506,195.0,-164.0
507,195.0,-163.0
508,195.0,-162.0
509,195.0,-161.0
510,195.0,-160.0
511,195.0,-159.0
512,195.0,-158.0
513,195.0,-157.0
514,195.0,-156.0
515,195.0,-155.0
516,195.0,-154.0
517,195.0,-153.0
518,195.0,-152.0
519,195.0,-151.0
520,195.0,-150.0
521,195.0,-149.0
522,195.0,-148.0
523,195.0,-147.0
524,195.0,-146.0
525,195.0,-147.0
526,194.0,-146.0
527,193.0,-147.0
528,194.0,-146.0
529,195.0,-146.0
530,195.0,-145.0
531,194.0,-146.0
532,195.0,-145.0
533,195.0,-144.0
534,195.0,-143.0
535,195.0,-142.0
536,195.0,-141.0
537,195.0,-140.0
538,195.0,-139.0
539,195.0,-138.0
540,195.0,-137.0
541,195.0,-136.0
542,195.0,-135.0
543,195.0,-134.0
544,195.0,-133.0
545,195.0,-132.0
546,195.0,-131.0
547,195.0,-130.0
548,195.0,-129.0
549,195.0,-128.0
550,195.0,-127.0
551,195.0,-126.0
552,195.0,-125.0
553,195.0,-124.0
554,195.0,-123.0
555,195.0,-122.0
556,195.0,-121.0
557,195.0,-120.0
558,195.0,-119.0
559,195.0,-118.0
560,195.0,-117.0
561,195.0,-116.0
562,195.0,-115.0
563,195.0,-114.0
564,195.0,-113.0
565,196.0,-112.0
566,197.0,-111.0
567,198.0,-111.0
568,199.0,-111.0
569,200.0,-110.0
570,201.0,-110.0
571,202.0,-109.0
572,203.0,-109.0
573,204.0,-109.0
574,205.0,-108.0
575,206.0,-108.0
576,207.0,-108.0
577,208.0,-108.0
578,209.0,-107.0
579,210.0,-107.0
580,211.0,-106.0
581,212.0,-106.0
582,211.0,-106.0
583,210.0,-107.0
584,211.0,-108.0
585,211.0,-109.0
586,211.0,-110.0
587,211.0,-111.0
588,211.0,-112.0
589,211.0,-113.0
590,211.0,-114.0
591,211.0,-115.0
592,211.0,-116.0
593,211.0,-117.0
594,211.0,-118.0
595,211.0,-119.0
596,211.0,-120.0
597,211.0,-121.0
598,211.0,-122.0
599,211.0,-123.0
600,211.0,-124.0
601,211.0,-125.0
602,211.0,-126.0
603,211.0,-127.0
604,211.0,-128.0
605,211.0,-129.0
606,211.0,-130.0
607,211.0,-131.0
608,211.0,-132.0
609,211.0,-133.0
610,211.0,-134.0
611,211.0,-135.0
612,211.0,-136.0
613,211.0,-137.0
614,211.0,-138.0
615,211.0,-139.0
616,211.0,-140.0
617,211.0,-141.0
618,211.0,-142.0
619,211.0,-143.0
620,211.0,-144.0
621,211.0,-145.0
622,211.0,-146.0
623,211.0,-147.0
624,211.0,-148.0
625,211.0,-149.0
626,211.0,-150.0
627,211.0,-151.0
628,211.0,-152.0
629,211.0,-153.0
630,211.0,-154.0
631,211.0,-155.0
632,211.0,-156.0
633,211.0,-157.0
634,211.0,-158.0
635,211.0,-159.0
636,211.0,-160.0
637,211.0,-161.0
638,211.0,-162.0
639,211.0,-163.0
640,211.0,-164.0
641,211.0,-165.0
642,211.0,-166.0
643,211.0,-167.0
644,211.0,-168.0
645,211.0,-169.0
646,211.0,-170.0
647,211.0,-171.0
648,211.0,-172.0
649,211.0,-173.0
650,211.0,-174.0
651,211.0,-175.0
652,211.0,-176.0
653,211.0,-177.0
654,211.0,-178.0
655,211.0,-179.0
656,211.0,-180.0
657,211.0,-181.0
658,211.0,-182.0
659,211.0,-183.0
660,211.0,-184.0
661,211.0,-185.0
662,211.0,-186.0
663,211.0,-187.0
664,211.0,-188.0
665,211.0,-189.0
666,211.0,-190.0
667,211.0,-191.0
668,211.0,-192.0
669,211.0,-193.0
670,211.0,-194.0
671,211.0,-195.0
672,211.0,-196.0
673,211.0,-197.0
674,211.0,-198.0
675,211.0,-199.0
676,211.0,-200.0
677,211.0,-201.0
678,211.0,-202.0
679,211.0,-203.0
680,211.0,-204.0
681,211.0,-205.0
682,211.0,-206.0
683,211.0,-207.0
684,211.0,-208.0
685,211.0,-209.0
686,211.0,-210.0
687,211.0,-211.0
688,211.0,-212.0
689,211.0,-213.0
690,211.0,-214.0
691,211.0,-215.0
692,211.0,-216.0
693,211.0,-217.0
694,211.0,-218.0
695,211.0,-219.0
696,211.0,-220.0
697,211.0,-221.0
698,211.0,-222.0
699,211.0,-223.0
700,211.0,-224.0
701,211.0,-225.0
702,211.0,-226.0
703,211.0,-227.0
704,211.0,-228.0
705,211.0,-229.0
706,211.0,-230.0
707,211.0,-231.0
708,211.0,-232.0
709,211.0,-233.0
710,211.0,-234.0
711,211.0,-235.0
712,211.0,-236.0
713,211.0,-237.0
714,211.0,-238.0
715,211.0,-239.0
716,211.0,-240.0
717,211.0,-241.0
718,211.0,-242.0
719,211.0,-243.0
720,211.0,-244.0
721,211.0,-245.0
722,211.0,-246.0
723,211.0,-247.0
724,211.0,-248.0
725,211.0,-249.0
726,211.0,-250.0
727,211.0,-251.0
728,211.0,-252.0
729,211.0,-253.0
730,211.0,-254.0
731,211.0,-255.0
732,211.0,-256.0
733,211.0,-257.0
734,211.0,-258.0
735,211.0,-259.0
736,211.0,-260.0
737,211.0,-261.0
738,211.0,-262.0
739,211.0,-263.0
740,211.0,-264.0
741,211.0,-265.0
742,211.0,-266.0
743,211.0,-267.0
744,211.0,-268.0
745,211.0,-269.0
746,211.0,-270.0
747,211.0,-271.0
748,211.0,-272.0
749,211.0,-273.0
750,211.0,-274.0
751,211.0,-275.0
752,211.0,-276.0
753,210.0,-277.0
754,210.0,-278.0
755,211.0,-279.0
756,212.0,-279.0
757,213.0,-279.0
758,214.0,-279.0
759,215.0,-279.0
760,216.0,-279.0
761,217.0,-279.0
762,218.0,-279.0
763,219.0,-279.0
764,220.0,-279.0
765,221.0,-279.0
766,222.0,-279.0
767,223.0,-279.0
768,224.0,-279.0
769,225.0,-279.0
770,226.0,-279.0
771,227.0,-279.0
772,228.0,-279.0
773,229.0,-279.0
774,230.0,-279.0
775,231.0,-279.0
776,232.0,-279.0
777,233.0,-279.0
778,234.0,-279.0
779,235.0,-278.0
780,236.0,-277.0
781,235.0,-277.0
782,235.0,-276.0
783,236.0,-277.0
784,237.0,-277.0
785,238.0,-277.0
786,239.0,-277.0
787,240.0,-277.0
788,241.0,-277.0
789,242.0,-276.0
790,243.0,-276.0
791,244.0,-276.0
792,245.0,-275.0
793,246.0,-275.0
794,247.0,-274.0
795,248.0,-274.0
796,249.0,-274.0
797,250.0,-273.0
798,251.0,-273.0
799,252.0,-272.0
800,253.0,-272.0
801,254.0,-272.0
802,255.0,-272.0
803,256.0,-272.0
804,257.0,-272.0
805,258.0,-272.0
806,259.0,-272.0
807,260.0,-271.0
808,261.0,-270.0
809,262.0,-270.0
810,262.0,-269.0
811,262.0,-270.0
812,263.0,-271.0
813,264.0,-272.0
814,265.0,-272.0
815,266.0,-272.0
816,267.0,-272.0
817,268.0,-272.0
818,269.0,-272.0
819,270.0,-272.0
820,271.0,-272.0
821,272.0,-272.0
822,273.0,-272.0
823,274.0,-272.0
824,275.0,-272.0
825,276.0,-272.0
826,277.0,-272.0
827,278.0,-271.0
828,279.0,-272.0
829,280.0,-272.0
830,281.0,-272.0
831,282.0,-272.0
832,283.0,-272.0
833,284.0,-272.0
834,285.0,-272.0
835,286.0,-272.0
836,287.0,-272.0
837,288.0,-272.0
838,289.0,-272.0
839,290.0,-272.0
840,291.0,-272.0
841,292.0,-272.0
842,293.0,-272.0
843,294.0,-272.0
844,295.0,-272.0
845,296.0,-272.0
846,297.0,-272.0
847,298.0,-272.0
848,299.0,-272.0
849,300.0,-271.0
850,299.0,-272.0
851,298.0,-272.0
852,297.0,-272.0
853,296.0,-272.0
854,295.0,-272.0
855,294.0,-272.0
856,293.0,-272.0
857,292.0,-272.0
858,291.0,-272.0
859,290.0,-272.0
860,289.0,-272.0
861,288.0,-272.0
862,287.0,-272.0
863,286.0,-272.0
864,285.0,-272.0
865,284.0,-272.0
866,283.0,-272.0
867,282.0,-272.0
868,281.0,-272.0
869,280.0,-272.0
870,279.0,-272.0
871,278.0,-271.0
872,278.0,-270.0
873,278.0,-269.0
874,278.0,-268.0
875,278.0,-267.0
876,278.0,-266.0
877,278.0,-265.0
878,278.0,-264.0
879,278.0,-263.0
880,278.0,-262.0
881,278.0,-261.0
882,278.0,-260.0
883,278.0,-259.0
884,278.0,-258.0
885,278.0,-257.0
886,278.0,-256.0
887,278.0,-255.0
888,278.0,-254.0
889,278.0,-253.0
890,278.0,-252.0
891,278.0,-251.0
892,278.0,-250.0
893,278.0,-249.0
894,278.0,-248.0
895,278.0,-247.0
896,278.0,-246.0
897,279.0,-245.0
898,279.0,-244.0
899,279.0,-243.0
900,279.0,-242.0
901,279.0,-241.0
902,280.0,-240.0
903,280.0,-239.0
904,281.0,-238.0
905,282.0,-237.0
906,283.0,-236.0
907,284.0,-235.0
908,285.0,-235.0
909,286.0,-235.0
910,287.0,-234.0
911,288.0,-234.0
912,289.0,-234.0
913,290.0,-234.0
914,291.0,-234.0
915,292.0,-234.0
916,293.0,-235.0
917,294.0,-235.0
918,295.0,-235.0
919,296.0,-236.0
920,297.0,-237.0
921,298.0,-238.0
922,298.0,-239.0
923,299.0,-240.0
924,300.0,-241.0
925,300.0,-242.0
926,300.0,-243.0
927,300.0,-244.0
928,300.0,-245.0
929,300.0,-246.0
930,300.0,-247.0
931,300.0,-248.0
932,300.0,-249.0
933,300.0,-250.0
934,300.0,-251.0
935,300.0,-252.0
936,300.0,-253.0
937,300.0,-254.0
938,300.0,-255.0
939,300.0,-256.0
940,300.0,-257.0
941,300.0,-258.0
942,300.0,-259.0
943,300.0,-260.0
944,300.0,-261.0
945,300.0,-262.0
946,300.0,-263.0
947,300.0,-264.0
948,300.0,-265.0
949,300.0,-266.0
950,300.0,-267.0
951,300.0,-268.0
952,300.0,-269.0
953,300.0,-270.0
954,300.0,-271.0
955,301.0,-272.0
956,302.0,-272.0
957,303.0,-272.0
958,304.0,-272.0
959,305.0,-272.0
960,306.0,-272.0
961,307.0,-272.0
962,308.0,-272.0
963,309.0,-272.0
964,310.0,-272.0
965,311.0,-272.0
966,312.0,-272.0
967,313.0,-272.0
968,314.0,-272.0
969,315.0,-271.0
970,316.0,-270.0
971,317.0,-270.0
972,318.0,-270.0
973,319.0,-271.0
974,320.0,-272.0
975,321.0,-272.0
976,322.0,-272.0
977,323.0,-272.0
978,324.0,-272.0
979,325.0,-272.0
980,326.0,-272.0
981,326.0,-271.0
982,325.0,-272.0
983,324.0,-272.0
984,323.0,-272.0
985,322.0,-272.0
986,321.0,-272.0
987,320.0,-272.0
988,319.0,-271.0
989,318.0,-270.0
990,317.0,-269.0
991,317.0,-270.0
992,316.0,-270.0
993,317.0,-269.0
994,317.0,-268.0
995,317.0,-267.0
996,317.0,-266.0
997,317.0,-265.0
998,317.0,-264.0
999,317.0,-263.0
1000,317.0,-262.0
1001,317.0,-261.0
1002,317.0,-260.0
1003,317.0,-259.0
1004,317.0,-258.0
1005,317.0,-257.0
1006,317.0,-256.0
1007,317.0,-255.0
1008,317.0,-254.0
1009,317.0,-253.0
1010,317.0,-252.0
1011,317.0,-251.0
1012,317.0,-250.0
1013,317.0,-249.0
1014,317.0,-248.0
1015,317.0,-247.0
1016,317.0,-246.0
1017,317.0,-245.0
1018,317.0,-244.0
1019,317.0,-243.0
1020,317.0,-242.0
1021,317.0,-241.0
1022,317.0,-240.0
1023,317.0,-239.0
1024,317.0,-238.0
1025,317.0,-237.0
1026,317.0,-236.0
1027,317.0,-235.0
1028,317.0,-234.0
1029,317.0,-233.0
1030,317.0,-232.0
1031,317.0,-231.0
1032,317.0,-230.0
1033,317.0,-229.0
1034,317.0,-228.0
1035,317.0,-227.0
1036,317.0,-226.0
1037,317.0,-225.0
1038,317.0,-224.0
1039,317.0,-223.0
1040,317.0,-224.0
1041,316.0,-223.0
1042,317.0,-223.0
1043,317.0,-222.0
1044,317.0,-221.0
1045,317.0,-220.0
1046,317.0,-219.0
1047,317.0,-218.0
1048,317.0,-217.0
1049,317.0,-216.0
1050,317.0,-215.0
1051,317.0,-214.0
1052,317.0,-213.0
1053,317.0,-212.0
1054,317.0,-211.0
1055,317.0,-210.0
1056,317.0,-211.0
1057,317.0,-212.0
1058,317.0,-213.0
1059,317.0,-214.0
1060,317.0,-215.0
1061,317.0,-216.0
1062,317.0,-217.0
1063,317.0,-218.0
1064,317.0,-219.0
1065,317.0,-220.0
1066,317.0,-221.0
1067,317.0,-222.0
1068,316.0,-223.0
1069,315.0,-223.0
1070,314.0,-223.0
1071,313.0,-223.0
1072,312.0,-223.0
1073,311.0,-223.0
1074,310.0,-223.0
1075,309.0,-223.0
1076,308.0,-223.0
1077,307.0,-223.0
1078,306.0,-223.0
1079,305.0,-223.0
1080,304.0,-223.0
1081,303.0,-223.0
1082,302.0,-223.0
1083,301.0,-223.0
1084,300.0,-223.0
1085,299.0,-223.0
1086,298.0,-223.0
1087,297.0,-223.0
1088,296.0,-223.0
1089,295.0,-223.0
1090,294.0,-223.0
1091,293.0,-223.0
1092,292.0,-223.0
1093,291.0,-223.0
1094,290.0,-223.0
1095,289.0,-223.0
1096,288.0,-223.0
1097,287.0,-223.0
1098,286.0,-223.0
1099,285.0,-223.0
1100,284.0,-223.0
1101,283.0,-223.0
1102,282.0,-223.0
1103,281.0,-223.0
1104,280.0,-223.0
1105,279.0,-223.0
1106,278.0,-223.0
1107,277.0,-223.0
1108,276.0,-223.0
1109,275.0,-223.0
1110,274.0,-223.0
1111,273.0,-223.0
1112,272.0,-223.0
1113,271.0,-223.0
1114,270.0,-223.0
1115,269.0,-223.0
1116,268.0,-223.0
1117,267.0,-223.0
1118,266.0,-223.0
1119,265.0,-223.0
1120,264.0,-223.0
1121,263.0,-223.0
1122,262.0,-224.0
1123,262.0,-223.0
1124,263.0,-223.0
1125,262.0,-222.0
1126,262.0,-221.0
1127,262.0,-220.0
1128,262.0,-219.0
1129,262.0,-218.0
1130,262.0,-217.0
1131,262.0,-216.0
1132,262.0,-215.0
1133,262.0,-214.0
1134,262.0,-213.0
1135,262.0,-212.0
1136,262.0,-211.0
1137,262.0,-210.0
1138,263.0,-209.0
1139,264.0,-209.0
1140,265.0,-209.0
1141,266.0,-209.0
1142,267.0,-209.0
1143,268.0,-208.0
1144,269.0,-208.0
1145,270.0,-207.0
1146,271.0,-207.0
1147,272.0,-206.0
1148,273.0,-205.0
1149,274.0,-205.0
1150,275.0,-204.0
1151,276.0,-204.0
1152,277.0,-203.0
1153,278.0,-202.0
1154,279.0,-202.0
1155,280.0,-201.0
1156,281.0,-200.0
1157,282.0,-200.0
1158,283.0,-199.0
1159,284.0,-199.0
1160,285.0,-198.0
1161,286.0,-197.0
1162,287.0,-197.0
1163,288.0,-196.0
1164,289.0,-196.0
1165,290.0,-196.0
1166,289.0,-196.0
1167,289.0,-195.0
1168,288.0,-196.0
1169,289.0,-195.0
1170,289.0,-194.0
1171,290.0,-193.0
1172,289.0,-193.0
1173,289.0,-194.0
1174,289.0,-195.0
1175,290.0,-196.0
1176,291.0,-197.0
1177,292.0,-197.0
1178,293.0,-197.0
1179,294.0,-198.0
1180,295.0,-199.0
1181,296.0,-199.0
1182,297.0,-200.0
1183,298.0,-201.0
1184,299.0,-201.0
1185,300.0,-202.0
1186,301.0,-202.0
1187,302.0,-203.0
1188,303.0,-204.0
1189,304.0,-204.0
1190,305.0,-205.0
1191,306.0,-205.0
1192,307.0,-206.0
1193,308.0,-207.0
1194,309.0,-207.0
1195,310.0,-208.0
1196,311.0,-208.0
1197,312.0,-209.0
1198,313.0,-209.0
1199,314.0,-209.0
1200,315.0,-209.0
1201,316.0,-209.0
1202,317.0,-210.0
1203,318.0,-209.0
1204,319.0,-208.0
1205,319.0,-207.0
1206,319.0,-206.0
1207,319.0,-205.0
1208,319.0,-204.0
1209,319.0,-203.0
1210,319.0,-202.0
1211,319.0,-201.0
1212,319.0,-200.0
1213,319.0,-199.0
1214,319.0,-198.0
1215,319.0,-197.0
1216,319.0,-196.0
1217,319.0,-195.0
1218,319.0,-194.0
1219,319.0,-193.0
1220,319.0,-192.0
1221,319.0,-191.0
1222,319.0,-190.0
1223,319.0,-191.0
1224,318.0,-190.0
1225,317.0,-190.0
1226,316.0,-190.0
1227,315.0,-190.0
1228,314.0,-190.0
1229,313.0,-190.0
1230,312.0,-190.0
1231,311.0,-190.0
1232,310.0,-190.0
1233,309.0,-190.0
1234,308.0,-190.0
1235,307.0,-190.0
1236,306.0,-190.0
1237,305.0,-190.0
1238,304.0,-190.0
1239,303.0,-190.0
1240,302.0,-190.0
1241,301.0,-190.0
1242,300.0,-190.0
1243,299.0,-190.0
1244,298.0,-190.0
1245,297.0,-190.0
1246,296.0,-190.0
1247,295.0,-190.0
1248,296.0,-190.0
1249,296.0,-189.0
1250,295.0,-190.0
1251,294.0,-190.0
1252,293.0,-190.0
1253,292.0,-191.0
1254,291.0,-192.0
1255,290.0,-193.0
1256,289.0,-193.0
1257,288.0,-192.0
1258,287.0,-191.0
1259,286.0,-190.0
1260,285.0,-190.0
1261,284.0,-190.0
1262,283.0,-190.0
1263,284.0,-190.0
1264,283.0,-189.0
1265,283.0,-190.0
1266,282.0,-190.0
1267,281.0,-190.0
1268,280.0,-190.0
1269,279.0,-190.0
1270,278.0,-190.0
1271,277.0,-190.0
1272,276.0,-190.0
1273,275.0,-190.0
1274,274.0,-190.0
1275,273.0,-190.0
1276,272.0,-190.0
1277,271.0,-190.0
1278,270.0,-190.0
1279,269.0,-190.0
1280,268.0,-190.0
1281,267.0,-190.0
1282,266.0,-190.0
1283,265.0,-190.0
1284,264.0,-190.0
1285,263.0,-190.0
1286,262.0,-190.0
1287,261.0,-190.0
1288,260.0,-191.0
1289,260.0,-190.0
1290,261.0,-190.0
1291,260.0,-189.0
1292,260.0,-190.0
1293,260.0,-191.0
1294,260.0,-192.0
1295,260.0,-193.0
1296,260.0,-194.0
1297,260.0,-195.0
1298,260.0,-196.0
1299,260.0,-197.0
1300,260.0,-198.0
1301,260.0,-199.0
1302,260.0,-200.0
1303,260.0,-201.0
1304,260.0,-202.0
1305,260.0,-203.0
1306,260.0,-204.0
1307,260.0,-205.0
1308,260.0,-206.0
1309,260.0,-207.0
1310,260.0,-208.0
1311,261.0,-209.0
1312,262.0,-210.0
1313,262.0,-211.0
1314,262.0,-212.0
1315,262.0,-213.0
1316,262.0,-214.0
1317,262.0,-215.0
1318,262.0,-216.0
1319,262.0,-217.0
1320,262.0,-218.0
1321,262.0,-219.0
1322,262.0,-220.0
1323,262.0,-221.0
1324,262.0,-222.0
1325,262.0,-223.0
1326,262.0,-224.0
1327,262.0,-225.0
1328,262.0,-226.0
1329,262.0,-227.0
1330,262.0,-228.0
1331,262.0,-229.0
1332,262.0,-230.0
1333,262.0,-231.0
1334,262.0,-232.0
1335,262.0,-233.0
1336,262.0,-234.0
1337,262.0,-235.0
1338,262.0,-236.0
1339,262.0,-237.0
1340,262.0,-238.0
1341,262.0,-239.0
1342,262.0,-240.0
1343,262.0,-241.0
1344,262.0,-242.0
1345,262.0,-243.0
1346,262.0,-244.0
1347,262.0,-245.0
1348,262.0,-246.0
1349,262.0,-247.0
1350,262.0,-248.0
1351,262.0,-249.0
1352,262.0,-250.0
1353,262.0,-251.0
1354,262.0,-252.0
1355,262.0,-253.0
1356,262.0,-254.0
1357,262.0,-255.0
1358,262.0,-256.0
1359,262.0,-257.0
1360,262.0,-258.0
1361,262.0,-259.0
1362,262.0,-260.0
1363,262.0,-261.0
1364,262.0,-262.0
1365,262.0,-263.0
1366,262.0,-264.0
1367,262.0,-265.0
1368,262.0,-266.0
1369,262.0,-267.0
1370,262.0,-268.0
1371,262.0,-269.0
1372,261.0,-270.0
1373,260.0,-271.0
1374,259.0,-272.0
1375,258.0,-272.0
1376,257.0,-272.0
1377,256.0,-272.0
1378,255.0,-272.0
1379,254.0,-272.0
1380,253.0,-271.0
1381,253.0,-272.0
1382,252.0,-272.0
1383,253.0,-271.0
1384,253.0,-270.0
1385,253.0,-269.0
1386,253.0,-268.0
1387,253.0,-267.0
1388,253.0,-266.0
1389,253.0,-265.0
1390,253.0,-264.0
1391,253.0,-263.0
1392,253.0,-262.0
1393,253.0,-261.0
1394,253.0,-260.0
1395,253.0,-259.0
1396,253.0,-258.0
1397,253.0,-257.0
1398,253.0,-256.0
1399,253.0,-255.0
1400,253.0,-254.0
1401,253.0,-253.0
1402,253.0,-252.0
1403,253.0,-251.0
1404,253.0,-250.0
1405,253.0,-249.0
1406,253.0,-248.0
1407,253.0,-247.0
1408,253.0,-246.0
1409,253.0,-245.0
1410,253.0,-244.0
1411,253.0,-243.0
1412,253.0,-242.0
1413,253.0,-241.0
1414,253.0,-240.0
1415,253.0,-239.0
1416,253.0,-238.0
1417,253.0,-237.0
1418,253.0,-236.0
1419,253.0,-235.0
1420,253.0,-234.0
1421,253.0,-233.0
1422,253.0,-232.0
1423,253.0,-231.0
1424,253.0,-230.0
1425,253.0,-229.0
1426,253.0,-228.0
1427,253.0,-227.0
1428,253.0,-226.0
1429,253.0,-225.0
1430,253.0,-224.0
1431,253.0,-223.0
1432,253.0,-222.0
1433,253.0,-221.0
1434,253.0,-220.0
1435,253.0,-219.0
1436,253.0,-218.0
1437,253.0,-217.0
1438,253.0,-216.0
1439,253.0,-215.0
1440,253.0,-214.0
1441,253.0,-213.0
1442,253.0,-212.0
1443,253.0,-211.0
1444,253.0,-210.0
1445,253.0,-209.0
1446,253.0,-208.0
1447,253.0,-207.0
1448,253.0,-206.0
1449,253.0,-205.0
1450,253.0,-204.0
1451,253.0,-203.0
1452,253.0,-202.0
1453,253.0,-201.0
1454,253.0,-200.0
1455,253.0,-199.0
1456,253.0,-198.0
1457,253.0,-197.0
1458,253.0,-196.0
1459,253.0,-195.0
1460,253.0,-194.0
1461,253.0,-193.0
1462,253.0,-192.0
1463,253.0,-191.0
1464,253.0,-190.0
1465,253.0,-189.0
1466,253.0,-188.0
1467,253.0,-187.0
1468,253.0,-186.0
1469,253.0,-185.0
1470,253.0,-184.0
1471,253.0,-183.0
1472,253.0,-182.0
1473,253.0,-181.0
1474,253.0,-180.0
1475,253.0,-179.0
1476,253.0,-178.0
1477,253.0,-177.0
1478,253.0,-176.0
1479,253.0,-175.0
1480,253.0,-174.0
1481,253.0,-173.0
1482,253.0,-172.0
1483,253.0,-171.0
1484,253.0,-170.0
1485,253.0,-169.0
1486,253.0,-168.0
1487,253.0,-167.0
1488,253.0,-166.0
1489,253.0,-165.0
1490,253.0,-164.0
1491,253.0,-163.0
1492,253.0,-162.0
1493,253.0,-161.0
1494,253.0,-160.0
1495,253.0,-159.0
1496,253.0,-158.0
1497,253.0,-157.0
1498,253.0,-156.0
1499,253.0,-155.0
1500,253.0,-154.0
1501,253.0,-153.0
1502,253.0,-152.0
1503,253.0,-151.0
1504,253.0,-150.0
1505,253.0,-149.0
1506,253.0,-148.0
1507,253.0,-147.0
1508,253.0,-146.0
1509,253.0,-145.0
1510,253.0,-146.0
1511,254.0,-145.0
1512,253.0,-145.0
1513,253.0,-144.0
1514,253.0,-143.0
1515,253.0,-142.0
1516,253.0,-141.0
1517,253.0,-140.0
1518,253.0,-139.0
1519,253.0,-138.0
1520,253.0,-137.0
1521,253.0,-136.0
1522,253.0,-135.0
1523,253.0,-134.0
1524,253.0,-133.0
1525,253.0,-132.0
1526,253.0,-131.0
1527,253.0,-130.0
1528,253.0,-129.0
1529,253.0,-130.0
1530,253.0,-131.0
1531,253.0,-132.0
1532,253.0,-133.0
1533,253.0,-134.0
1534,253.0,-135.0
1535,253.0,-136.0
1536,253.0,-137.0
1537,253.0,-138.0
1538,253.0,-139.0
1539,253.0,-140.0
1540,253.0,-141.0
1541,253.0,-142.0
1542,253.0,-143.0
1543,253.0,-144.0
1544,254.0,-145.0
1545,255.0,-145.0
1546,256.0,-145.0
1547,257.0,-146.0
1548,258.0,-146.0
1549,259.0,-147.0
1550,259.0,-148.0
1551,260.0,-149.0
1552,260.0,-150.0
1553,260.0,-151.0
1554,260.0,-152.0
1555,260.0,-153.0
1556,260.0,-154.0
1557,260.0,-155.0
1558,260.0,-156.0
1559,260.0,-157.0
1560,260.0,-158.0
1561,260.0,-159.0
1562,260.0,-160.0
1563,260.0,-161.0
1564,260.0,-162.0
1565,260.0,-163.0
1566,260.0,-164.0
1567,260.0,-165.0
1568,260.0,-166.0
1569,260.0,-167.0
1570,260.0,-168.0
1571,260.0,-169.0
1572,260.0,-170.0
1573,260.0,-171.0
1574,260.0,-172.0
1575,260.0,-173.0
1576,260.0,-174.0
1577,260.0,-175.0
1578,260.0,-176.0
1579,260.0,-177.0
1580,260.0,-178.0
1581,260.0,-179.0
1582,260.0,-180.0
1583,260.0,-181.0
1584,260.0,-182.0
1585,260.0,-183.0
1586,260.0,-184.0
1587,260.0,-185.0
1588,260.0,-186.0
1589,260.0,-187.0
1590,260.0,-188.0
1591,260.0,-189.0
1592,261.0,-190.0
1593,262.0,-190.0
1594,263.0,-190.0
1595,264.0,-190.0
1596,265.0,-190.0
1597,266.0,-190.0
1598,267.0,-190.0
1599,268.0,-190.0
1600,269.0,-190.0
1601,270.0,-190.0
1602,271.0,-190.0
1603,272.0,-190.0
1604,273.0,-190.0
1605,274.0,-190.0
1606,275.0,-190.0
1607,276.0,-190.0
1608,277.0,-190.0
1609,278.0,-190.0
1610,279.0,-190.0
1611,280.0,-190.0
1612,281.0,-190.0
1613,282.0,-190.0
1614,283.0,-189.0
1615,283.0,-188.0
1616,283.0,-187.0
1617,283.0,-186.0
1618,283.0,-185.0
1619,283.0,-184.0
1620,283.0,-183.0
1621,283.0,-182.0
1622,283.0,-181.0
1623,283.0,-180.0
1624,283.0,-179.0
1625,283.0,-178.0
1626,283.0,-177.0
1627,283.0,-176.0
1628,283.0,-175.0
1629,283.0,-174.0
1630,283.0,-173.0
1631,283.0,-172.0
1632,283.0,-171.0
1633,284.0,-170.0
1634,285.0,-169.0
1635,286.0,-168.0
1636,287.0,-167.0
1637,288.0,-167.0
1638,289.0,-167.0
1639,290.0,-167.0
1640,291.0,-167.0
1641,292.0,-167.0
1642,293.0,-168.0
1643,294.0,-169.0
1644,295.0,-170.0
1645,296.0,-171.0
1646,296.0,-172.0
1647,296.0,-173.0
1648,296.0,-174.0
1649,296.0,-175.0
1650,296.0,-176.0
1651,296.0,-177.0
1652,296.0,-178.0
1653,296.0,-179.0
1654,296.0,-180.0
1655,296.0,-181.0
1656,296.0,-182.0
1657,296.0,-183.0
1658,296.0,-184.0
1659,296.0,-185.0
1660,296.0,-186.0
1661,296.0,-187.0
1662,296.0,-188.0
1663,296.0,-189.0
1664,297.0,-190.0
1665,298.0,-190.0
1666,299.0,-190.0
1667,300.0,-190.0
1668,301.0,-190.0
1669,302.0,-190.0
1670,303.0,-190.0
1671,304.0,-190.0
1672,305.0,-190.0
1673,306.0,-190.0
1674,307.0,-190.0
1675,308.0,-190.0
1676,309.0,-190.0
1677,310.0,-190.0
1678,311.0,-190.0
1679,312.0,-190.0
1680,313.0,-190.0
1681,314.0,-190.0
1682,315.0,-190.0
1683,316.0,-190.0
1684,317.0,-190.0
1685,318.0,-190.0
1686,319.0,-190.0
1687,319.0,-189.0
1688,318.0,-190.0
1689,319.0,-189.0
1690,319.0,-188.0
1691,319.0,-187.0
1692,319.0,-186.0
1693,319.0,-185.0
1694,319.0,-184.0
1695,319.0,-183.0
1696,319.0,-182.0
1697,319.0,-181.0
1698,319.0,-180.0
1699,319.0,-179.0
1700,319.0,-178.0
1701,319.0,-177.0
1702,319.0,-176.0
1703,319.0,-175.0
1704,319.0,-174.0
1705,319.0,-173.0
1706,319.0,-172.0
1707,319.0,-171.0
1708,319.0,-170.0
1709,319.0,-169.0
1710,319.0,-168.0
1711,319.0,-167.0
1712,319.0,-166.0
1713,319.0,-165.0
1714,319.0,-164.0
1715,319.0,-163.0
1716,319.0,-162.0
1717,319.0,-161.0
1718,319.0,-160.0
1719,319.0,-159.0
1720,319.0,-158.0
1721,319.0,-157.0
1722,319.0,-156.0
1723,319.0,-155.0
1724,319.0,-154.0
1725,319.0,-153.0
1726,319.0,-152.0
1727,319.0,-151.0
1728,320.0,-150.0
1729,320.0,-149.0
1730,320.0,-148.0
1731,320.0,-147.0
1732,321.0,-146.0
1733,322.0,-146.0
1734,323.0,-145.0
1735,324.0,-145.0
1736,325.0,-145.0
1737,324.0,-145.0
1738,325.0,-144.0
1739,326.0,-143.0
1740,326.0,-142.0
1741,326.0,-141.0
1742,326.0,-140.0
1743,326.0,-139.0
1744,326.0,-138.0
1745,326.0,-137.0
1746,326.0,-136.0
1747,326.0,-135.0
1748,326.0,-134.0
1749,326.0,-133.0
1750,326.0,-132.0
1751,326.0,-131.0
1752,326.0,-130.0
1753,326.0,-129.0
1754,325.0,-128.0
1755,326.0,-129.0
1756,326.0,-130.0
1757,326.0,-131.0
1758,326.0,-132.0
1759,326.0,-133.0
1760,326.0,-134.0
1761,326.0,-135.0
1762,326.0,-136.0
1763,326.0,-137.0
1764,326.0,-138.0
1765,326.0,-139.0
1766,326.0,-140.0
1767,326.0,-141.0
1768,326.0,-142.0
1769,326.0,-143.0
1770,325.0,-144.0
1771,325.0,-145.0
1772,326.0,-146.0
1773,326.0,-147.0
1774,326.0,-148.0
1775,326.0,-149.0
1776,326.0,-150.0
1777,326.0,-151.0
1778,326.0,-152.0
1779,326.0,-153.0
1780,326.0,-154.0
1781,326.0,-155.0
1782,326.0,-156.0
1783,326.0,-157.0
1784,326.0,-158.0
1785,326.0,-159.0
1786,326.0,-160.0
1787,326.0,-161.0
1788,326.0,-162.0
1789,326.0,-163.0
1790,326.0,-164.0
1791,326.0,-165.0
1792,326.0,-166.0
1793,326.0,-167.0
1794,326.0,-168.0
1795,326.0,-169.0
1796,326.0,-170.0
1797,326.0,-171.0
1798,326.0,-172.0
1799,326.0,-173.0
1800,326.0,-174.0
1801,326.0,-175.0
1802,326.0,-176.0
1803,326.0,-177.0
1804,326.0,-178.0
1805,326.0,-179.0
1806,326.0,-180.0
1807,326.0,-181.0
1808,326.0,-182.0
1809,326.0,-183.0
1810,326.0,-184.0
1811,326.0,-185.0
1812,326.0,-186.0
1813,326.0,-187.0
1814,326.0,-188.0
1815,326.0,-189.0
1816,326.0,-190.0
1817,326.0,-191.0
1818,326.0,-192.0
1819,326.0,-193.0
1820,326.0,-194.0
1821,326.0,-195.0
1822,326.0,-196.0
1823,326.0,-197.0
1824,326.0,-198.0
1825,326.0,-199.0
1826,326.0,-200.0
1827,326.0,-201.0
1828,326.0,-202.0
1829,326.0,-203.0
1830,326.0,-204.0
1831,326.0,-205.0
1832,326.0,-206.0
1833,326.0,-207.0
1834,326.0,-208.0
1835,326.0,-209.0
1836,326.0,-210.0
1837,326.0,-211.0
1838,326.0,-212.0
1839,326.0,-213.0
1840,326.0,-214.0
1841,326.0,-215.0
1842,326.0,-216.0
1843,326.0,-217.0
1844,326.0,-218.0
1845,326.0,-219.0
1846,326.0,-220.0
1847,326.0,-221.0
1848,326.0,-222.0
1849,326.0,-223.0
1850,326.0,-224.0
1851,326.0,-225.0
1852,326.0,-226.0
1853,326.0,-227.0
1854,326.0,-228.0
1855,326.0,-229.0
1856,326.0,-230.0
1857,326.0,-231.0
1858,326.0,-232.0
1859,326.0,-233.0
1860,326.0,-234.0
1861,326.0,-235.0
1862,326.0,-236.0
1863,326.0,-237.0
1864,326.0,-238.0
1865,326.0,-239.0
1866,326.0,-240.0
1867,326.0,-241.0
1868,326.0,-242.0
1869,326.0,-243.0
1870,326.0,-244.0
1871,326.0,-245.0
1872,326.0,-246.0
1873,326.0,-247.0
1874,326.0,-248.0
1875,326.0,-249.0
1876,326.0,-250.0
1877,326.0,-251.0
1878,326.0,-252.0
1879,326.0,-253.0
1880,326.0,-254.0
1881,326.0,-255.0
1882,326.0,-256.0
1883,326.0,-257.0
1884,326.0,-258.0
1885,326.0,-259.0
1886,326.0,-260.0
1887,326.0,-261.0
1888,326.0,-262.0
1889,326.0,-263.0
1890,326.0,-264.0
1891,326.0,-265.0
1892,326.0,-266.0
1893,326.0,-267.0
1894,326.0,-268.0
1895,326.0,-269.0
1896,326.0,-270.0
1897,326.0,-271.0
1898,326.0,-272.0
1899,327.0,-273.0
1900,328.0,-273.0
1901,329.0,-273.0
1902,330.0,-274.0
1903,331.0,-274.0
1904,332.0,-274.0
1905,333.0,-275.0
1906,334.0,-275.0
1907,335.0,-276.0
1908,336.0,-276.0
1909,337.0,-276.0
1910,338.0,-277.0
1911,339.0,-277.0
1912,340.0,-277.0
1913,341.0,-277.0
1914,342.0,-277.0
1915,343.0,-278.0
1916,344.0,-279.0
1917,345.0,-279.0
1918,346.0,-279.0
1919,347.0,-279.0
1920,348.0,-279.0
1921,349.0,-279.0
1922,350.0,-279.0
1923,351.0,-279.0
1924,352.0,-279.0
1925,353.0,-279.0
1926,354.0,-279.0
1927,355.0,-279.0
1928,356.0,-279.0
1929,357.0,-279.0
1930,358.0,-279.0
1931,359.0,-279.0
1932,360.0,-279.0
1933,361.0,-279.0
1934,362.0,-279.0
1935,363.0,-279.0
1936,364.0,-279.0
1937,365.0,-279.0
1938,366.0,-279.0
1939,367.0,-279.0
1940,368.0,-278.0
1941,369.0,-277.0
1942,368.0,-277.0
1943,368.0,-276.0
1944,369.0,-277.0
1945,370.0,-277.0
1946,371.0,-277.0
1947,372.0,-277.0
1948,373.0,-277.0
1949,374.0,-277.0
1950,375.0,-276.0
1951,376.0,-276.0
1952,377.0,-275.0
1953,378.0,-275.0
1954,379.0,-275.0
1955,380.0,-274.0
1956,381.0,-274.0
1957,382.0,-273.0
1958,383.0,-272.0
1959,384.0,-272.0
1960,385.0,-272.0
1961,386.0,-272.0
1962,387.0,-272.0
1963,388.0,-272.0
1964,389.0,-272.0
1965,390.0,-272.0
1966,391.0,-272.0
1967,392.0,-272.0
1968,393.0,-272.0
1969,394.0,-272.0
1970,395.0,-273.0
1971,396.0,-273.0
1972,397.0,-273.0
1973,398.0,-273.0
1974,399.0,-273.0
1975,400.0,-273.0
1976,401.0,-273.0
1977,402.0,-273.0
1978,403.0,-273.0
1979,404.0,-273.0
1980,405.0,-273.0
1981,404.0,-273.0
1982,404.0,-272.0
1983,405.0,-273.0
1984,406.0,-274.0
1985,407.0,-274.0
1986,408.0,-274.0
1987,409.0,-275.0
1988,410.0,-275.0
1989,411.0,-275.0
1990,412.0,-276.0
1991,413.0,-276.0
1992,414.0,-276.0
1993,415.0,-276.0
1994,416.0,-276.0
1995,417.0,-276.0
1996,418.0,-277.0
1997,419.0,-278.0
1998,420.0,-278.0
1999,421.0,-278.0
2000,422.0,-278.0
2001,423.0,-278.0
2002,424.0,-278.0
2003,425.0,-278.0
2004,426.0,-278.0
2005,427.0,-278.0
2006,428.0,-278.0
2007,429.0,-278.0
2008,430.0,-278.0
2009,431.0,-278.0
2010,432.0,-278.0
2011,433.0,-278.0
2012,434.0,-278.0
2013,435.0,-278.0
2014,436.0,-278.0
2015,437.0,-277.0
2016,438.0,-276.0
2017,437.0,-276.0
2018,437.0,-275.0
2019,438.0,-276.0
2020,439.0,-276.0
2021,440.0,-276.0
2022,441.0,-276.0
2023,442.0,-276.0
2024,443.0,-276.0
2025,444.0,-275.0
2026,445.0,-275.0
2027,446.0,-275.0
2028,447.0,-274.0
2029,448.0,-273.0
2030,449.0,-272.0
2031,449.0,-271.0
2032,449.0,-270.0
2033,449.0,-269.0
2034,449.0,-268.0
2035,449.0,-267.0
2036,449.0,-266.0
2037,449.0,-265.0
2038,449.0,-264.0
2039,449.0,-263.0
2040,449.0,-262.0
2041,449.0,-261.0
2042,449.0,-260.0
2043,449.0,-259.0
2044,449.0,-258.0
2045,449.0,-257.0
2046,449.0,-256.0
2047,449.0,-255.0
2048,449.0,-254.0
2049,449.0,-253.0
2050,449.0,-252.0
2051,449.0,-251.0
2052,449.0,-250.0
2053,449.0,-249.0
2054,449.0,-248.0
2055,449.0,-247.0
2056,449.0,-246.0
2057,449.0,-245.0
2058,449.0,-244.0
2059,449.0,-243.0
2060,449.0,-242.0
2061,449.0,-241.0
2062,449.0,-240.0
2063,449.0,-239.0
2064,449.0,-238.0
2065,449.0,-237.0
2066,449.0,-236.0
2067,449.0,-235.0
2068,449.0,-234.0
2069,449.0,-233.0
2070,449.0,-232.0
2071,449.0,-231.0
2072,449.0,-230.0
2073,449.0,-229.0
2074,449.0,-228.0
2075,449.0,-227.0
2076,449.0,-226.0
2077,449.0,-225.0
2078,449.0,-224.0
2079,449.0,-223.0
2080,449.0,-222.0
2081,449.0,-221.0
2082,449.0,-220.0
2083,449.0,-219.0
2084,449.0,-218.0
2085,449.0,-217.0
2086,449.0,-216.0
2087,449.0,-215.0
2088,449.0,-214.0
2089,449.0,-213.0
2090,449.0,-212.0
2091,449.0,-211.0
2092,449.0,-210.0
2093,449.0,-209.0
2094,449.0,-208.0
2095,449.0,-207.0
2096,449.0,-206.0
2097,449.0,-205.0
2098,449.0,-204.0
2099,449.0,-203.0
2100,449.0,-202.0
2101,449.0,-201.0
2102,449.0,-200.0
2103,449.0,-199.0
2104,449.0,-198.0
2105,449.0,-197.0
2106,449.0,-196.0
2107,449.0,-195.0
2108,449.0,-194.0
2109,449.0,-193.0
2110,449.0,-192.0
2111,449.0,-191.0
2112,449.0,-190.0
2113,449.0,-189.0
2114,449.0,-188.0
2115,449.0,-187.0
2116,449.0,-186.0
2117,449.0,-185.0
2118,449.0,-184.0
2119,449.0,-183.0
2120,449.0,-182.0
2121,449.0,-181.0
2122,449.0,-180.0
2123,449.0,-179.0
2124,449.0,-178.0
2125,449.0,-177.0
2126,449.0,-176.0
2127,449.0,-175.0
2128,449.0,-174.0
2129,449.0,-173.0
2130,449.0,-172.0
2131,449.0,-171.0
2132,449.0,-170.0
2133,449.0,-169.0
2134,449.0,-168.0
2135,449.0,-167.0
2136,449.0,-166.0
2137,449.0,-165.0
2138,449.0,-164.0
2139,449.0,-163.0
2140,449.0,-162.0
2141,449.0,-161.0
2142,449.0,-160.0
2143,449.0,-159.0
2144,449.0,-158.0
2145,449.0,-157.0
2146,449.0,-156.0
2147,449.0,-155.0
2148,449.0,-154.0
2149,449.0,-153.0
2150,449.0,-152.0
2151,449.0,-151.0
2152,449.0,-150.0
2153,449.0,-149.0
2154,449.0,-148.0
2155,449.0,-147.0
2156,448.0,-146.0
2157,447.0,-145.0
2158,446.0,-145.0
2159,445.0,-145.0
2160,444.0,-144.0
2161,443.0,-144.0
2162,442.0,-143.0
2163,441.0,-143.0
2164,440.0,-143.0
2165,439.0,-143.0
2166,438.0,-142.0
2167,437.0,-143.0
2168,437.0,-142.0
2169,438.0,-142.0
2170,437.0,-142.0
2171,436.0,-142.0
2172,435.0,-141.0
2173,434.0,-141.0
2174,433.0,-141.0
2175,432.0,-141.0
2176,431.0,-141.0
2177,430.0,-141.0
2178,429.0,-141.0
2179,428.0,-141.0
2180,427.0,-141.0
2181,426.0,-141.0
2182,425.0,-141.0
2183,424.0,-141.0
2184,423.0,-141.0
2185,422.0,-141.0
2186,421.0,-141.0
2187,422.0,-141.0
2188,423.0,-141.0
2189,424.0,-141.0
2190,425.0,-141.0
2191,426.0,-141.0
2192,427.0,-141.0
2193,428.0,-141.0
2194,429.0,-141.0
2195,430.0,-141.0
2196,431.0,-141.0
2197,432.0,-141.0
2198,433.0,-141.0
2199,434.0,-141.0
2200,435.0,-141.0
2201,436.0,-142.0
2202,437.0,-143.0
2203,437.0,-144.0
2204,437.0,-145.0
2205,437.0,-146.0
2206,437.0,-147.0
2207,437.0,-148.0
2208,437.0,-149.0
2209,437.0,-150.0
2210,437.0,-151.0
2211,437.0,-152.0
2212,437.0,-153.0
2213,437.0,-154.0
2214,437.0,-155.0
2215,437.0,-156.0
2216,437.0,-157.0
2217,437.0,-158.0
2218,437.0,-159.0
2219,437.0,-160.0
2220,437.0,-161.0
2221,437.0,-162.0
2222,437.0,-163.0
2223,437.0,-164.0
2224,437.0,-165.0
2225,437.0,-166.0
2226,437.0,-167.0
2227,437.0,-168.0
2228,437.0,-169.0
2229,437.0,-170.0
2230,437.0,-171.0
2231,437.0,-172.0
2232,437.0,-173.0
2233,437.0,-174.0
2234,437.0,-175.0
2235,437.0,-176.0
2236,437.0,-177.0
2237,437.0,-178.0
2238,437.0,-179.0
2239,437.0,-180.0
2240,437.0,-181.0
2241,437.0,-182.0
2242,437.0,-183.0
2243,437.0,-184.0
2244,437.0,-185.0
2245,437.0,-186.0
2246,437.0,-187.0
2247,437.0,-188.0
2248,437.0,-189.0
2249,437.0,-190.0
2250,437.0,-191.0
2251,437.0,-192.0
2252,437.0,-193.0
2253,437.0,-194.0
2254,437.0,-195.0
2255,437.0,-196.0
2256,437.0,-197.0
2257,437.0,-198.0
2258,437.0,-199.0
2259,437.0,-200.0
2260,437.0,-201.0
2261,437.0,-202.0
2262,437.0,-203.0
2263,437.0,-204.0
2264,437.0,-205.0
2265,437.0,-206.0
2266,437.0,-207.0
2267,437.0,-208.0
2268,437.0,-209.0
2269,437.0,-210.0
2270,437.0,-211.0
2271,437.0,-212.0
2272,437.0,-213.0
2273,437.0,-214.0
2274,437.0,-215.0
2275,437.0,-216.0
2276,437.0,-217.0
2277,437.0,-218.0
2278,437.0,-219.0
2279,437.0,-220.0
2280,437.0,-221.0
2281,437.0,-222.0
2282,437.0,-223.0
2283,437.0,-224.0
2284,437.0,-225.0
2285,437.0,-226.0
2286,437.0,-227.0
2287,437.0,-228.0
2288,437.0,-229.0
2289,437.0,-230.0
2290,437.0,-231.0
2291,437.0,-232.0
2292,437.0,-233.0
2293,437.0,-234.0
2294,437.0,-235.0
2295,437.0,-236.0
2296,437.0,-237.0
2297,437.0,-238.0
2298,437.0,-239.0
2299,437.0,-240.0
2300,437.0,-241.0
2301,437.0,-242.0
2302,437.0,-243.0
2303,437.0,-244.0
2304,437.0,-245.0
2305,437.0,-246.0
2306,437.0,-247.0
2307,437.0,-248.0
2308,437.0,-249.0
2309,437.0,-250.0
2310,437.0,-251.0
2311,437.0,-252.0
2312,437.0,-253.0
2313,437.0,-254.0
2314,437.0,-255.0
2315,437.0,-256.0
2316,437.0,-257.0
2317,437.0,-258.0
2318,437.0,-259.0
2319,437.0,-260.0
2320,437.0,-261.0
2321,437.0,-262.0
2322,437.0,-263.0
2323,437.0,-264.0
2324,437.0,-265.0
2325,437.0,-266.0
2326,437.0,-267.0
2327,437.0,-268.0
2328,437.0,-269.0
2329,437.0,-270.0
2330,437.0,-271.0
2331,437.0,-272.0
2332,437.0,-273.0
2333,437.0,-274.0
2334,437.0,-275.0
2335,437.0,-276.0
2336,437.0,-277.0
2337,436.0,-278.0
2338,435.0,-278.0
2339,434.0,-278.0
2340,433.0,-278.0
2341,432.0,-278.0
2342,431.0,-278.0
2343,430.0,-278.0
2344,429.0,-278.0
2345,428.0,-278.0
2346,427.0,-278.0
2347,426.0,-278.0
2348,425.0,-278.0
2349,424.0,-278.0
2350,423.0,-278.0
2351,422.0,-278.0
2352,421.0,-278.0
2353,420.0,-278.0
2354,419.0,-278.0
2355,418.0,-277.0
2356,418.0,-276.0
2357,418.0,-275.0
2358,418.0,-276.0
2359,417.0,-276.0
2360,418.0,-275.0
2361,418.0,-274.0
2362,418.0,-273.0
2363,418.0,-272.0
2364,418.0,-271.0
2365,418.0,-270.0
2366,418.0,-269.0
2367,418.0,-268.0
2368,418.0,-267.0
2369,418.0,-266.0
2370,418.0,-265.0
2371,418.0,-264.0
2372,418.0,-263.0
2373,418.0,-262.0
2374,418.0,-261.0
2375,418.0,-260.0
2376,418.0,-259.0
2377,418.0,-258.0
2378,418.0,-257.0
2379,418.0,-256.0
2380,418.0,-255.0
2381,418.0,-254.0
2382,418.0,-253.0
2383,418.0,-252.0
2384,418.0,-251.0
2385,418.0,-250.0
2386,418.0,-249.0
2387,418.0,-248.0
2388,418.0,-247.0
2389,418.0,-246.0
2390,418.0,-245.0
2391,418.0,-244.0
2392,418.0,-243.0
2393,418.0,-242.0
2394,418.0,-241.0
2395,418.0,-240.0
2396,418.0,-239.0
2397,418.0,-238.0
2398,418.0,-237.0
2399,418.0,-236.0
2400,418.0,-235.0
2401,418.0,-234.0
2402,418.0,-233.0
2403,418.0,-232.0
2404,418.0,-231.0
2405,418.0,-230.0
2406,418.0,-229.0
2407,418.0,-228.0
2408,418.0,-227.0
2409,418.0,-226.0
2410,418.0,-225.0
2411,418.0,-224.0
2412,418.0,-223.0
2413,418.0,-222.0
2414,418.0,-221.0
2415,418.0,-220.0
2416,418.0,-219.0
2417,418.0,-218.0
2418,418.0,-217.0
2419,418.0,-216.0
2420,418.0,-215.0
2421,418.0,-214.0
2422,418.0,-213.0
2423,418.0,-212.0
2424,418.0,-211.0
2425,418.0,-210.0
2426,418.0,-209.0
2427,418.0,-208.0
2428,418.0,-207.0
2429,418.0,-206.0
2430,418.0,-205.0
2431,418.0,-204.0
2432,418.0,-203.0
2433,418.0,-202.0
2434,418.0,-201.0
2435,418.0,-200.0
2436,418.0,-199.0
2437,418.0,-198.0
2438,418.0,-197.0
2439,418.0,-196.0
2440,418.0,-195.0
2441,418.0,-194.0
2442,418.0,-193.0
2443,418.0,-192.0
2444,418.0,-191.0
2445,418.0,-190.0
2446,418.0,-189.0
2447,418.0,-188.0
2448,418.0,-187.0
2449,418.0,-186.0
2450,418.0,-185.0
2451,418.0,-184.0
2452,418.0,-183.0
2453,418.0,-182.0
2454,418.0,-181.0
2455,418.0,-180.0
2456,418.0,-179.0
2457,418.0,-178.0
2458,418.0,-177.0
2459,418.0,-176.0
2460,418.0,-175.0
2461,418.0,-174.0
2462,418.0,-173.0
2463,418.0,-172.0
2464,418.0,-171.0
2465,418.0,-170.0
2466,418.0,-169.0
2467,418.0,-168.0
2468,418.0,-167.0
2469,418.0,-166.0
2470,418.0,-165.0
2471,418.0,-164.0
2472,418.0,-163.0
2473,418.0,-162.0
2474,418.0,-161.0
2475,418.0,-160.0
2476,418.0,-159.0
2477,418.0,-158.0
2478,418.0,-157.0
2479,418.0,-156.0
2480,418.0,-155.0
2481,418.0,-154.0
2482,418.0,-153.0
2483,418.0,-152.0
2484,418.0,-151.0
2485,418.0,-150.0
2486,418.0,-149.0
2487,418.0,-148.0
2488,418.0,-147.0
2489,418.0,-146.0
2490,418.0,-145.0
2491,418.0,-144.0
2492,417.0,-143.0
2493,418.0,-144.0
2494,418.0,-143.0
2495,419.0,-142.0
2496,420.0,-141.0
2497,421.0,-141.0
2498,420.0,-141.0
2499,419.0,-142.0
2500,418.0,-143.0
2501,417.0,-143.0
2502,416.0,-143.0
2503,415.0,-143.0
2504,414.0,-143.0
2505,413.0,-143.0
2506,412.0,-144.0
2507,411.0,-144.0
2508,410.0,-145.0
2509,409.0,-145.0
2510,408.0,-145.0
2511,407.0,-146.0
2512,406.0,-146.0
2513,405.0,-146.0
2514,404.0,-147.0
2515,404.0,-148.0
2516,404.0,-149.0
2517,404.0,-150.0
2518,403.0,-151.0
2519,402.0,-151.0
2520,401.0,-151.0
2521,400.0,-151.0
2522,399.0,-151.0
2523,398.0,-151.0
2524,397.0,-150.0
2525,396.0,-150.0
2526,395.0,-149.0
2527,394.0,-149.0
2528,393.0,-149.0
2529,392.0,-148.0
2530,391.0,-148.0
2531,390.0,-148.0
2532,389.0,-147.0
2533,388.0,-147.0
2534,387.0,-147.0
2535,386.0,-147.0
2536,385.0,-146.0
2537,386.0,-147.0
2538,387.0,-147.0
2539,388.0,-147.0
2540,389.0,-147.0
2541,390.0,-148.0
2542,391.0,-148.0
2543,392.0,-148.0
2544,393.0,-149.0
2545,394.0,-149.0
2546,395.0,-149.0
2547,396.0,-150.0
2548,397.0,-150.0
2549,398.0,-151.0
2550,399.0,-151.0
2551,400.0,-151.0
2552,401.0,-151.0
2553,402.0,-151.0
2554,403.0,-151.0
2555,404.0,-152.0
2556,404.0,-153.0
2557,404.0,-154.0
2558,404.0,-155.0
2559,404.0,-156.0
2560,404.0,-157.0
2561,404.0,-158.0
2562,404.0,-159.0
2563,404.0,-160.0
2564,404.0,-161.0
2565,404.0,-162.0
2566,404.0,-163.0
2567,404.0,-164.0
2568,404.0,-165.0
2569,404.0,-166.0
2570,404.0,-167.0
2571,404.0,-168.0
2572,404.0,-169.0
2573,404.0,-170.0
2574,404.0,-171.0
2575,404.0,-172.0
2576,404.0,-173.0
2577,404.0,-174.0
2578,404.0,-175.0
2579,404.0,-176.0
2580,404.0,-177.0
2581,404.0,-178.0
2582,404.0,-179.0
2583,404.0,-180.0
2584,404.0,-181.0
2585,404.0,-182.0
2586,404.0,-183.0
2587,404.0,-184.0
2588,404.0,-185.0
2589,404.0,-186.0
2590,404.0,-187.0
2591,404.0,-188.0
2592,404.0,-189.0
2593,404.0,-190.0
2594,404.0,-191.0
2595,404.0,-192.0
2596,404.0,-193.0
2597,404.0,-194.0
2598,404.0,-195.0
2599,404.0,-196.0
2600,404.0,-197.0
2601,404.0,-198.0
2602,404.0,-199.0
2603,404.0,-200.0
2604,404.0,-201.0
2605,404.0,-202.0
2606,404.0,-203.0
2607,404.0,-204.0
2608,404.0,-205.0
2609,404.0,-206.0
2610,404.0,-207.0
2611,404.0,-208.0
2612,404.0,-209.0
2613,404.0,-210.0
2614,404.0,-211.0
2615,404.0,-212.0
2616,404.0,-213.0
2617,404.0,-214.0
2618,404.0,-215.0
2619,404.0,-216.0
2620,404.0,-217.0
2621,404.0,-218.0
2622,404.0,-219.0
2623,404.0,-220.0
2624,404.0,-221.0
2625,404.0,-222.0
2626,404.0,-223.0
2627,404.0,-224.0
2628,404.0,-225.0
2629,404.0,-226.0
2630,404.0,-227.0
2631,404.0,-228.0
2632,404.0,-229.0
2633,404.0,-230.0
2634,404.0,-231.0
2635,404.0,-232.0
2636,404.0,-233.0
2637,404.0,-234.0
2638,404.0,-235.0
2639,404.0,-236.0
2640,404.0,-237.0
2641,404.0,-238.0
2642,404.0,-239.0
2643,404.0,-240.0
2644,404.0,-241.0
2645,404.0,-242.0
2646,404.0,-243.0
2647,404.0,-244.0
2648,404.0,-245.0
2649,404.0,-246.0
2650,404.0,-247.0
2651,404.0,-248.0
2652,404.0,-249.0
2653,404.0,-250.0
2654,404.0,-251.0
2655,404.0,-252.0
2656,404.0,-253.0
2657,404.0,-254.0
2658,404.0,-255.0
2659,404.0,-256.0
2660,404.0,-257.0
2661,404.0,-258.0
2662,404.0,-259.0
2663,404.0,-260.0
2664,404.0,-261.0
2665,404.0,-262.0
2666,404.0,-263.0
2667,404.0,-264.0
2668,404.0,-265.0
2669,404.0,-266.0
2670,404.0,-267.0
2671,404.0,-268.0
2672,404.0,-269.0
2673,404.0,-270.0
2674,404.0,-271.0
2675,404.0,-272.0
2676,403.0,-273.0
2677,402.0,-273.0
2678,401.0,-273.0
2679,400.0,-273.0
2680,399.0,-273.0
2681,398.0,-273.0
2682,397.0,-273.0
2683,396.0,-273.0
2684,395.0,-273.0
2685,394.0,-272.0
2686,393.0,-272.0
2687,392.0,-272.0
2688,391.0,-272.0
2689,390.0,-272.0
2690,389.0,-272.0
2691,388.0,-272.0
2692,387.0,-272.0
2693,386.0,-272.0
2694,385.0,-272.0
2695,384.0,-272.0
2696,383.0,-271.0
2697,383.0,-272.0
2698,383.0,-271.0
2699,383.0,-270.0
2700,383.0,-269.0
2701,383.0,-268.0
2702,383.0,-267.0
2703,383.0,-266.0
2704,383.0,-265.0
2705,383.0,-264.0
2706,383.0,-263.0
2707,383.0,-262.0
2708,383.0,-261.0
2709,383.0,-260.0
2710,383.0,-259.0
2711,383.0,-258.0
2712,383.0,-257.0
2713,383.0,-256.0
2714,383.0,-255.0
2715,383.0,-254.0
2716,383.0,-253.0
2717,383.0,-252.0
2718,383.0,-251.0
2719,383.0,-250.0
2720,383.0,-249.0
2721,383.0,-248.0
2722,383.0,-247.0
2723,383.0,-246.0
2724,383.0,-245.0
2725,383.0,-244.0
2726,383.0,-243.0
2727,383.0,-242.0
2728,383.0,-241.0
2729,383.0,-240.0
2730,383.0,-239.0
2731,383.0,-238.0
2732,383.0,-237.0
2733,383.0,-236.0
2734,383.0,-235.0
2735,383.0,-234.0
2736,383.0,-233.0
2737,383.0,-232.0
2738,383.0,-231.0
2739,383.0,-230.0
2740,383.0,-229.0
2741,383.0,-228.0
2742,383.0,-227.0
2743,383.0,-226.0
2744,383.0,-225.0
2745,383.0,-224.0
2746,383.0,-223.0
2747,383.0,-222.0
2748,383.0,-221.0
2749,383.0,-220.0
2750,383.0,-219.0
2751,383.0,-218.0
2752,383.0,-217.0
2753,383.0,-216.0
2754,383.0,-215.0
2755,383.0,-214.0
2756,383.0,-213.0
2757,383.0,-212.0
2758,383.0,-211.0
2759,383.0,-210.0
2760,383.0,-209.0
2761,383.0,-208.0
2762,383.0,-207.0
2763,383.0,-206.0
2764,383.0,-205.0
2765,383.0,-204.0
2766,383.0,-203.0
2767,383.0,-202.0
2768,383.0,-201.0
2769,383.0,-200.0
2770,383.0,-199.0
2771,383.0,-198.0
2772,383.0,-197.0
2773,383.0,-196.0
2774,383.0,-195.0
2775,383.0,-194.0
2776,383.0,-193.0
2777,383.0,-192.0
2778,383.0,-191.0
2779,383.0,-190.0
2780,383.0,-189.0
2781,383.0,-188.0
2782,383.0,-187.0
2783,383.0,-186.0
2784,383.0,-185.0
2785,383.0,-184.0
2786,383.0,-183.0
2787,383.0,-182.0
2788,383.0,-181.0
2789,383.0,-180.0
2790,383.0,-179.0
2791,383.0,-178.0
2792,383.0,-177.0
2793,383.0,-176.0
2794,383.0,-175.0
2795,383.0,-174.0
2796,383.0,-173.0
2797,383.0,-172.0
2798,383.0,-171.0
2799,383.0,-170.0
2800,383.0,-169.0
2801,383.0,-168.0
2802,383.0,-167.0
2803,383.0,-166.0
2804,383.0,-165.0
2805,383.0,-164.0
2806,383.0,-163.0
2807,383.0,-162.0
2808,383.0,-161.0
2809,383.0,-160.0
2810,383.0,-159.0
2811,383.0,-158.0
2812,383.0,-157.0
2813,383.0,-156.0
2814,383.0,-155.0
2815,383.0,-154.0
2816,383.0,-153.0
2817,383.0,-152.0
2818,383.0,-151.0
2819,383.0,-150.0
2820,383.0,-149.0
2821,383.0,-148.0
2822,383.0,-147.0
2823,383.0,-146.0
2824,383.0,-147.0
2825,384.0,-146.0
2826,385.0,-146.0
2827,384.0,-146.0
2828,383.0,-145.0
2829,384.0,-146.0
2830,383.0,-146.0
2831,383.0,-145.0
2832,383.0,-144.0
2833,383.0,-143.0
2834,383.0,-142.0
2835,383.0,-141.0
2836,383.0,-140.0
2837,383.0,-139.0
2838,383.0,-138.0
2839,383.0,-137.0
2840,383.0,-136.0
2841,383.0,-135.0
2842,383.0,-134.0
2843,383.0,-133.0
2844,383.0,-132.0
2845,383.0,-131.0
2846,383.0,-130.0
2847,383.0,-129.0
2848,383.0,-128.0
2849,383.0,-127.0
2850,383.0,-126.0
2851,383.0,-125.0
2852,383.0,-124.0
2853,383.0,-123.0
2854,383.0,-122.0
2855,383.0,-121.0
2856,383.0,-120.0
2857,383.0,-119.0
2858,383.0,-118.0
2859,383.0,-117.0
2860,383.0,-116.0
2861,383.0,-115.0
2862,383.0,-114.0
2863,383.0,-113.0
2864,383.0,-112.0
2865,382.0,-111.0
2866,381.0,-111.0
2867,380.0,-111.0
2868,379.0,-110.0
2869,378.0,-110.0
2870,377.0,-109.0
2871,376.0,-109.0
2872,375.0,-109.0
2873,374.0,-108.0
2874,373.0,-108.0
2875,372.0,-108.0
2876,371.0,-108.0
2877,370.0,-107.0
2878,369.0,-107.0
2879,368.0,-108.0
2880,369.0,-107.0
2881,368.0,-107.0
2882,367.0,-106.0
2883,366.0,-106.0
2884,365.0,-106.0
2885,364.0,-106.0
2886,363.0,-106.0
2887,362.0,-106.0
2888,361.0,-106.0
2889,360.0,-106.0
2890,359.0,-106.0
2891,358.0,-106.0
2892,357.0,-106.0
2893,356.0,-106.0
2894,355.0,-106.0
2895,354.0,-106.0
2896,353.0,-106.0
2897,352.0,-106.0
2898,351.0,-106.0
2899,350.0,-106.0
2900,349.0,-106.0
2901,348.0,-106.0
2902,347.0,-106.0
2903,346.0,-106.0
2904,345.0,-106.0
2905,346.0,-106.0
2906,347.0,-106.0
2907,348.0,-106.0
2908,349.0,-106.0
2909,350.0,-106.0
2910,351.0,-106.0
2911,352.0,-106.0
2912,353.0,-106.0
2913,354.0,-106.0
2914,355.0,-106.0
2915,356.0,-106.0
2916,357.0,-106.0
2917,358.0,-106.0
2918,359.0,-106.0
2919,360.0,-106.0
2920,361.0,-106.0
2921,362.0,-106.0
2922,363.0,-106.0
2923,364.0,-106.0
2924,365.0,-106.0
2925,366.0,-106.0
2926,367.0,-106.0
2927,368.0,-107.0
2928,368.0,-108.0
2929,368.0,-109.0
2930,368.0,-110.0
2931,368.0,-111.0
2932,368.0,-112.0
2933,368.0,-113.0
2934,368.0,-114.0
2935,368.0,-115.0
2936,368.0,-116.0
2937,368.0,-117.0
2938,368.0,-118.0
2939,368.0,-119.0
2940,368.0,-120.0
2941,368.0,-121.0
2942,368.0,-122.0
2943,368.0,-123.0
2944,368.0,-124.0
2945,368.0,-125.0
2946,368.0,-126.0
2947,368.0,-127.0
2948,368.0,-128.0
2949,368.0,-129.0
2950,368.0,-130.0
2951,368.0,-131.0
2952,368.0,-132.0
2953,368.0,-133.0
2954,368.0,-134.0
2955,368.0,-135.0
2956,368.0,-136.0
2957,368.0,-137.0
2958,368.0,-138.0
2959,368.0,-139.0
2960,368.0,-140.0
2961,368.0,-141.0
2962,368.0,-142.0
2963,368.0,-143.0
2964,368.0,-144.0
2965,368.0,-145.0
2966,368.0,-146.0
2967,368.0,-147.0
2968,368.0,-148.0
2969,368.0,-149.0
2970,368.0,-150.0
2971,368.0,-151.0
2972,368.0,-152.0
2973,368.0,-153.0
2974,368.0,-154.0
2975,368.0,-155.0
2976,368.0,-156.0
2977,368.0,-157.0
2978,368.0,-158.0
2979,368.0,-159.0
2980,368.0,-160.0
2981,368.0,-161.0
2982,368.0,-162.0
2983,368.0,-163.0
2984,368.0,-164.0
2985,368.0,-165.0
2986,368.0,-166.0
2987,368.0,-167.0
2988,368.0,-168.0
2989,368.0,-169.0
2990,368.0,-170.0
2991,368.0,-171.0
2992,368.0,-172.0
2993,368.0,-173.0
2994,368.0,-174.0
2995,368.0,-175.0
2996,368.0,-176.0
2997,368.0,-177.0
2998,368.0,-178.0
2999,368.0,-179.0
3000,368.0,-180.0
3001,368.0,-181.0
3002,368.0,-182.0
3003,368.0,-183.0
3004,368.0,-184.0
3005,368.0,-185.0
3006,368.0,-186.0
3007,368.0,-187.0
3008,368.0,-188.0
3009,368.0,-189.0
3010,368.0,-190.0
3011,368.0,-191.0
3012,368.0,-192.0
3013,368.0,-193.0
3014,368.0,-194.0
3015,368.0,-195.0
3016,368.0,-196.0
3017,368.0,-197.0
3018,368.0,-198.0
3019,368.0,-199.0
3020,368.0,-200.0
3021,368.0,-201.0
3022,368.0,-202.0
3023,368.0,-203.0
3024,368.0,-204.0
3025,368.0,-205.0
3026,368.0,-206.0
3027,368.0,-207.0
3028,368.0,-208.0
3029,368.0,-209.0
3030,368.0,-210.0
3031,368.0,-211.0
3032,368.0,-212.0
3033,368.0,-213.0
3034,368.0,-214.0
3035,368.0,-215.0
3036,368.0,-216.0
3037,368.0,-217.0
3038,368.0,-218.0
3039,368.0,-219.0
3040,368.0,-220.0
3041,368.0,-221.0
3042,368.0,-222.0
3043,368.0,-223.0
3044,368.0,-224.0
3045,368.0,-225.0
3046,368.0,-226.0
3047,368.0,-227.0
3048,368.0,-228.0
3049,368.0,-229.0
3050,368.0,-230.0
3051,368.0,-231.0
3052,368.0,-232.0
3053,368.0,-233.0
3054,368.0,-234.0
3055,368.0,-235.0
3056,368.0,-236.0
3057,368.0,-237.0
3058,368.0,-238.0
3059,368.0,-239.0
3060,368.0,-240.0
3061,368.0,-241.0
3062,368.0,-242.0
3063,368.0,-243.0
3064,368.0,-244.0
3065,368.0,-245.0
3066,368.0,-246.0
3067,368.0,-247.0
3068,368.0,-248.0
3069,368.0,-249.0
3070,368.0,-250.0
3071,368.0,-251.0
3072,368.0,-252.0
3073,368.0,-253.0
3074,368.0,-254.0
3075,368.0,-255.0
3076,368.0,-256.0
3077,368.0,-257.0
3078,368.0,-258.0
3079,368.0,-259.0
3080,368.0,-260.0
3081,368.0,-261.0
3082,368.0,-262.0
3083,368.0,-263.0
3084,368.0,-264.0
3085,368.0,-265.0
3086,368.0,-266.0
3087,368.0,-267.0
3088,368.0,-268.0
3089,368.0,-269.0
3090,368.0,-270.0
3091,368.0,-271.0
3092,368.0,-272.0
3093,368.0,-273.0
3094,368.0,-274.0
3095,368.0,-275.0
3096,368.0,-276.0
3097,368.0,-277.0
3098,368.0,-278.0
3099,367.0,-279.0
3100,366.0,-279.0
3101,365.0,-279.0
3102,364.0,-279.0
3103,363.0,-279.0
3104,362.0,-279.0
3105,361.0,-279.0
3106,360.0,-279.0
3107,359.0,-279.0
3108,358.0,-279.0
3109,357.0,-279.0
3110,356.0,-279.0
3111,355.0,-279.0
3112,354.0,-279.0
3113,353.0,-279.0
3114,352.0,-279.0
3115,351.0,-279.0
3116,350.0,-279.0
3117,349.0,-279.0
3118,348.0,-279.0
3119,347.0,-279.0
3120,346.0,-279.0
3121,345.0,-279.0
3122,344.0,-279.0
3123,343.0,-278.0
3124,343.0,-277.0
3125,342.0,-277.0
3126,343.0,-277.0
3127,344.0,-276.0
3128,344.0,-275.0
3129,344.0,-274.0
3130,344.0,-273.0
3131,344.0,-272.0
3132,344.0,-271.0
3133,344.0,-270.0
3134,344.0,-269.0
3135,344.0,-268.0
3136,344.0,-267.0
3137,344.0,-266.0
3138,344.0,-265.0
3139,344.0,-264.0
3140,344.0,-263.0
3141,344.0,-262.0
3142,344.0,-261.0
3143,344.0,-260.0
3144,344.0,-259.0
3145,344.0,-258.0
3146,344.0,-257.0
3147,344.0,-256.0
3148,344.0,-255.0
3149,344.0,-254.0
3150,344.0,-253.0
3151,344.0,-252.0
3152,344.0,-251.0
3153,344.0,-250.0
3154,344.0,-249.0
3155,344.0,-248.0
3156,344.0,-247.0
3157,344.0,-246.0
3158,344.0,-245.0
3159,344.0,-244.0
3160,344.0,-243.0
3161,344.0,-242.0
3162,344.0,-241.0
3163,344.0,-240.0
3164,344.0,-239.0
3165,344.0,-238.0
3166,344.0,-237.0
3167,344.0,-236.0
3168,344.0,-235.0
3169,344.0,-234.0
3170,344.0,-233.0
3171,344.0,-232.0
3172,344.0,-231.0
3173,344.0,-230.0
3174,344.0,-229.0
3175,344.0,-228.0
3176,344.0,-227.0
3177,344.0,-226.0
3178,344.0,-225.0
3179,344.0,-224.0
3180,344.0,-223.0
3181,344.0,-222.0
3182,344.0,-221.0
3183,344.0,-220.0
3184,344.0,-219.0
3185,344.0,-218.0
3186,344.0,-217.0
3187,344.0,-216.0
3188,344.0,-215.0
3189,344.0,-214.0
3190,344.0,-213.0
3191,344.0,-212.0
3192,344.0,-211.0
3193,344.0,-210.0
3194,344.0,-209.0
3195,344.0,-208.0
3196,344.0,-207.0
3197,344.0,-206.0
3198,344.0,-205.0
3199,344.0,-204.0
3200,344.0,-203.0
3201,344.0,-202.0
3202,344.0,-201.0
3203,344.0,-200.0
3204,344.0,-199.0
3205,344.0,-198.0
3206,344.0,-197.0
3207,344.0,-196.0
3208,344.0,-195.0
3209,344.0,-194.0
3210,344.0,-193.0
3211,344.0,-192.0
3212,344.0,-191.0
3213,344.0,-190.0
3214,344.0,-189.0
3215,344.0,-188.0
3216,344.0,-187.0
3217,344.0,-186.0
3218,344.0,-185.0
3219,344.0,-184.0
3220,344.0,-183.0
3221,344.0,-182.0
3222,344.0,-181.0
3223,344.0,-180.0
3224,344.0,-179.0
3225,344.0,-178.0
3226,344.0,-177.0
3227,344.0,-176.0
3228,344.0,-175.0
3229,344.0,-174.0
3230,344.0,-173.0
3231,344.0,-172.0
3232,344.0,-171.0
3233,344.0,-170.0
3234,344.0,-169.0
3235,344.0,-168.0
3236,344.0,-167.0
3237,344.0,-166.0
3238,344.0,-165.0
3239,344.0,-164.0
3240,344.0,-163.0
3241,344.0,-162.0
3242,344.0,-161.0
3243,344.0,-160.0
3244,344.0,-159.0
3245,344.0,-158.0
3246,344.0,-157.0
3247,344.0,-156.0
3248,344.0,-155.0
3249,344.0,-154.0
3250,344.0,-153.0
3251,344.0,-152.0
3252,344.0,-151.0
3253,344.0,-150.0
3254,344.0,-149.0
3255,344.0,-148.0
3256,344.0,-147.0
3257,344.0,-146.0
3258,344.0,-145.0
3259,344.0,-144.0
3260,344.0,-143.0
3261,344.0,-142.0
3262,344.0,-141.0
3263,344.0,-140.0
3264,344.0,-139.0
3265,344.0,-138.0
3266,344.0,-137.0
3267,344.0,-136.0
3268,344.0,-135.0
3269,344.0,-134.0
3270,344.0,-133.0
3271,344.0,-132.0
3272,344.0,-131.0
3273,344.0,-130.0
3274,344.0,-129.0
3275,344.0,-128.0
3276,344.0,-127.0
3277,344.0,-126.0
3278,344.0,-125.0
3279,344.0,-124.0
3280,344.0,-123.0
3281,344.0,-122.0
3282,344.0,-121.0
3283,344.0,-120.0
3284,344.0,-119.0
3285,344.0,-118.0
3286,344.0,-117.0
3287,344.0,-116.0
3288,344.0,-115.0
3289,344.0,-114.0
3290,344.0,-113.0
3291,344.0,-112.0
3292,344.0,-111.0
3293,344.0,-110.0
3294,344.0,-109.0
3295,344.0,-108.0
3296,343.0,-107.0
3297,344.0,-106.0
3298,345.0,-106.0
3299,344.0,-106.0
3300,343.0,-107.0
3301,342.0,-107.0
3302,341.0,-108.0
3303,340.0,-108.0
3304,339.0,-108.0
3305,338.0,-108.0
3306,337.0,-108.0
3307,336.0,-109.0
3308,335.0,-109.0
3309,334.0,-110.0
3310,333.0,-110.0
3311,332.0,-110.0
3312,331.0,-111.0
3313,330.0,-111.0
3314,329.0,-112.0
3315,328.0,-112.0
3316,327.0,-112.0
3317,326.0,-113.0
3318,326.0,-114.0
3319,326.0,-115.0
3320,326.0,-116.0
3321,326.0,-117.0
3322,326.0,-118.0
3323,326.0,-119.0
3324,326.0,-120.0
3325,326.0,-121.0
3326,326.0,-122.0
3327,326.0,-123.0
3328,326.0,-124.0
3329,326.0,-125.0
3330,326.0,-126.0
3331,326.0,-127.0
3332,325.0,-128.0
3333,324.0,-128.0
3334,323.0,-128.0
3335,322.0,-128.0
3336,321.0,-128.0
3337,320.0,-128.0
3338,319.0,-128.0
3339,318.0,-128.0
3340,317.0,-128.0
3341,316.0,-128.0
3342,315.0,-128.0
3343,314.0,-128.0
3344,313.0,-128.0
3345,312.0,-128.0
3346,311.0,-128.0
3347,310.0,-128.0
3348,309.0,-128.0
3349,308.0,-128.0
3350,307.0,-128.0
3351,306.0,-128.0
3352,305.0,-128.0
3353,304.0,-128.0
3354,303.0,-128.0
3355,302.0,-128.0
3356,301.0,-128.0
3357,300.0,-128.0
3358,299.0,-128.0
3359,298.0,-128.0
3360,297.0,-128.0
3361,296.0,-128.0
3362,295.0,-128.0
3363,294.0,-128.0
3364,293.0,-128.0
3365,292.0,-128.0
3366,291.0,-128.0
3367,290.0,-128.0
3368,289.0,-128.0
3369,288.0,-128.0
3370,287.0,-128.0
3371,286.0,-128.0
3372,285.0,-128.0
3373,284.0,-128.0
3374,283.0,-128.0
3375,282.0,-128.0
3376,281.0,-128.0
3377,280.0,-128.0
3378,279.0,-128.0
3379,278.0,-128.0
3380,277.0,-128.0
3381,276.0,-128.0
3382,275.0,-128.0
3383,274.0,-128.0
3384,273.0,-128.0
3385,272.0,-128.0
3386,271.0,-128.0
3387,270.0,-128.0
3388,269.0,-128.0
3389,268.0,-128.0
3390,267.0,-128.0
3391,266.0,-128.0
3392,265.0,-128.0
3393,264.0,-128.0
3394,263.0,-128.0
3395,262.0,-128.0
3396,261.0,-128.0
3397,260.0,-128.0
3398,259.0,-128.0
3399,258.0,-128.0
3400,257.0,-128.0
3401,256.0,-128.0
3402,255.0,-128.0
3403,254.0,-128.0
3404,253.0,-129.0
3405,253.0,-128.0
3406,254.0,-128.0
3407,253.0,-127.0
3408,253.0,-128.0
3409,253.0,-127.0
3410,253.0,-126.0
3411,253.0,-125.0
3412,253.0,-124.0
3413,253.0,-123.0
3414,253.0,-122.0
3415,253.0,-121.0
3416,253.0,-120.0
3417,253.0,-119.0
3418,253.0,-118.0
3419,253.0,-117.0
3420,253.0,-116.0
3421,253.0,-115.0
3422,253.0,-114.0
3423,253.0,-113.0
3424,252.0,-112.0
3425,251.0,-112.0
3426,250.0,-111.0
3427,249.0,-111.0
3428,248.0,-111.0
3429,247.0,-110.0
3430,246.0,-110.0
3431,245.0,-110.0
3432,244.0,-109.0
3433,243.0,-109.0
3434,242.0,-108.0
3435,241.0,-108.0
3436,240.0,-108.0
3437,239.0,-108.0
3438,238.0,-108.0
3439,237.0,-107.0
3440,236.0,-107.0
3441,235.0,-108.0
3442,236.0,-107.0
3443,235.0,-107.0
3444,234.0,-106.0
3445,233.0,-106.0
3446,232.0,-106.0
3447,231.0,-106.0
3448,230.0,-106.0
3449,229.0,-106.0
3450,228.0,-106.0
3451,227.0,-106.0
3452,226.0,-106.0
3453,225.0,-106.0
3454,224.0,-106.0
3455,223.0,-106.0
3456,222.0,-106.0
3457,221.0,-106.0
3458,220.0,-106.0
3459,219.0,-106.0
3460,218.0,-106.0
3461,217.0,-106.0
3462,216.0,-106.0
3463,215.0,-106.0
3464,214.0,-106.0
3465,213.0,-106.0
3466,212.0,-106.0
3467,213.0,-106.0
3468,214.0,-106.0
3469,215.0,-106.0
3470,216.0,-106.0
3471,217.0,-106.0
3472,218.0,-106.0
3473,219.0,-106.0
3474,220.0,-106.0
3475,221.0,-106.0
3476,222.0,-106.0
3477,223.0,-106.0
3478,224.0,-106.0
3479,225.0,-106.0
3480,226.0,-106.0
3481,227.0,-106.0
3482,228.0,-106.0
3483,229.0,-106.0
3484,230.0,-106.0
3485,231.0,-106.0
3486,232.0,-106.0
3487,233.0,-106.0
3488,234.0,-106.0
3489,235.0,-107.0
3490,235.0,-108.0
3491,235.0,-109.0
3492,235.0,-110.0
3493,235.0,-111.0
3494,235.0,-112.0
3495,235.0,-113.0
3496,235.0,-114.0
3497,235.0,-115.0
3498,235.0,-116.0
3499,235.0,-117.0
3500,235.0,-118.0
3501,235.0,-119.0
3502,235.0,-120.0
3503,235.0,-121.0
3504,235.0,-122.0
3505,235.0,-123.0
3506,235.0,-124.0
3507,235.0,-125.0
3508,235.0,-126.0
3509,235.0,-127.0
3510,235.0,-128.0
3511,235.0,-129.0
3512,235.0,-130.0
3513,235.0,-131.0
3514,235.0,-132.0
3515,235.0,-133.0
3516,235.0,-134.0
3517,235.0,-135.0
3518,235.0,-136.0
3519,235.0,-137.0
3520,235.0,-138.0
3521,235.0,-139.0
3522,235.0,-140.0
3523,235.0,-141.0
3524,235.0,-142.0
3525,235.0,-143.0
3526,235.0,-144.0
3527,235.0,-145.0
3528,235.0,-146.0
3529,235.0,-147.0
3530,235.0,-148.0
3531,235.0,-149.0
3532,235.0,-150.0
3533,235.0,-151.0
3534,235.0,-152.0
3535,235.0,-153.0
3536,235.0,-154.0
3537,235.0,-155.0
3538,235.0,-156.0
3539,235.0,-157.0
3540,235.0,-158.0
3541,235.0,-159.0
3542,235.0,-160.0
3543,235.0,-161.0
3544,235.0,-162.0
3545,235.0,-163.0
3546,235.0,-164.0
3547,235.0,-165.0
3548,235.0,-166.0
3549,235.0,-167.0
3550,235.0,-168.0
3551,235.0,-169.0
3552,235.0,-170.0
3553,235.0,-171.0
3554,235.0,-172.0
3555,235.0,-173.0
3556,235.0,-174.0
3557,235.0,-175.0
3558,235.0,-176.0
3559,235.0,-177.0
3560,235.0,-178.0
3561,235.0,-179.0
3562,235.0,-180.0
3563,235.0,-181.0
3564,235.0,-182.0
3565,235.0,-183.0
3566,235.0,-184.0
3567,235.0,-185.0
3568,235.0,-186.0
3569,235.0,-187.0
3570,235.0,-188.0
3571,235.0,-189.0
3572,235.0,-190.0
3573,235.0,-191.0
3574,235.0,-192.0
3575,235.0,-193.0
3576,235.0,-194.0
3577,235.0,-195.0
3578,235.0,-196.0
3579,235.0,-197.0
3580,235.0,-198.0
3581,235.0,-199.0
3582,235.0,-200.0
3583,235.0,-201.0
3584,235.0,-202.0
3585,235.0,-203.0
3586,235.0,-204.0
3587,235.0,-205.0
3588,235.0,-206.0
3589,235.0,-207.0
3590,235.0,-208.0
3591,235.0,-209.0
3592,235.0,-210.0
3593,235.0,-211.0
3594,235.0,-212.0
3595,235.0,-213.0
3596,235.0,-214.0
3597,235.0,-215.0
3598,235.0,-216.0
3599,235.0,-217.0
3600,235.0,-218.0
3601,235.0,-219.0
3602,235.0,-220.0
3603,235.0,-221.0
3604,235.0,-222.0
3605,235.0,-223.0
3606,235.0,-224.0
3607,235.0,-225.0
3608,235.0,-226.0
3609,235.0,-227.0
3610,235.0,-228.0
3611,235.0,-229.0
3612,235.0,-230.0
3613,235.0,-231.0
3614,235.0,-232.0
3615,235.0,-233.0
3616,235.0,-234.0
3617,235.0,-235.0
3618,235.0,-236.0
3619,235.0,-237.0
3620,235.0,-238.0
3621,235.0,-239.0
3622,235.0,-240.0
3623,235.0,-241.0
3624,235.0,-242.0
3625,235.0,-243.0
3626,235.0,-244.0
3627,235.0,-245.0
3628,235.0,-246.0
3629,235.0,-247.0
3630,235.0,-248.0
3631,235.0,-249.0
3632,235.0,-250.0
3633,235.0,-251.0
3634,235.0,-252.0
3635,235.0,-253.0
3636,235.0,-254.0
3637,235.0,-255.0
3638,235.0,-256.0
3639,235.0,-257.0
3640,235.0,-258.0
3641,235.0,-259.0
3642,235.0,-260.0
3643,235.0,-261.0
3644,235.0,-262.0
3645,235.0,-263.0
3646,235.0,-264.0
3647,235.0,-265.0
3648,235.0,-266.0
3649,235.0,-267.0
3650,235.0,-268.0
3651,235.0,-269.0
3652,235.0,-270.0
3653,235.0,-271.0
3654,235.0,-272.0
3655,235.0,-273.0
3656,235.0,-274.0
3657,235.0,-275.0
3658,235.0,-276.0
3659,235.0,-277.0
3660,235.0,-278.0
3661,234.0,-279.0
3662,233.0,-279.0
3663,232.0,-279.0
3664,231.0,-279.0
3665,230.0,-279.0
3666,229.0,-279.0
3667,228.0,-279.0
3668,227.0,-279.0
3669,226.0,-279.0
3670,225.0,-279.0
3671,224.0,-279.0
3672,223.0,-279.0
3673,222.0,-279.0
3674,221.0,-279.0
3675,220.0,-279.0
3676,219.0,-279.0
3677,218.0,-279.0
3678,217.0,-279.0
3679,216.0,-279.0
3680,215.0,-279.0
3681,214.0,-279.0
3682,213.0,-279.0
3683,212.0,-279.0
3684,211.0,-279.0
3685,210.0,-278.0
3686,209.0,-277.0
3687,210.0,-277.0
3688,209.0,-277.0
3689,208.0,-277.0
3690,207.0,-277.0
3691,206.0,-277.0
3692,205.0,-277.0
3693,204.0,-276.0
3694,203.0,-276.0
3695,202.0,-275.0
3696,201.0,-275.0
3697,200.0,-275.0
3698,199.0,-274.0
3699,198.0,-274.0
3700,197.0,-274.0
3701,196.0,-273.0
3702,195.0,-272.0
3703,195.0,-271.0
3704,195.0,-272.0
3705,194.0,-272.0
3706,193.0,-272.0
3707,192.0,-272.0
3708,191.0,-272.0
3709,190.0,-272.0
3710,189.0,-272.0
3711,188.0,-272.0
3712,187.0,-272.0
3713,186.0,-272.0
3714,185.0,-272.0
3715,184.0,-273.0
3716,183.0,-273.0
3717,182.0,-273.0
3718,181.0,-273.0
3719,180.0,-273.0
3720,179.0,-273.0
3721,178.0,-273.0
3722,177.0,-273.0
3723,176.0,-273.0
3724,175.0,-273.0
3725,174.0,-273.0
3726,175.0,-273.0
3727,175.0,-272.0
3728,174.0,-273.0
3729,173.0,-274.0
3730,172.0,-274.0
3731,171.0,-274.0
3732,170.0,-275.0
3733,169.0,-275.0
3734,168.0,-275.0
3735,167.0,-276.0
3736,166.0,-276.0
3737,165.0,-276.0
3738,164.0,-276.0
3739,163.0,-276.0
3740,162.0,-276.0
3741,161.0,-277.0
3742,160.0,-276.0
3743,161.0,-277.0
3744,160.0,-277.0
3745,159.0,-278.0
3746,158.0,-278.0
3747,157.0,-278.0
3748,156.0,-278.0
3749,155.0,-278.0
3750,154.0,-278.0
3751,153.0,-278.0
3752,152.0,-278.0
3753,151.0,-278.0
3754,150.0,-278.0
3755,149.0,-278.0
3756,148.0,-278.0
3757,147.0,-278.0
3758,146.0,-278.0
3759,145.0,-278.0
3760,144.0,-278.0
3761,143.0,-278.0
3762,142.0,-278.0
3763,141.0,-277.0
3764,141.0,-276.0
3765,140.0,-276.0
3766,141.0,-276.0
3767,142.0,-275.0
3768,142.0,-274.0
3769,142.0,-273.0
3770,142.0,-272.0
3771,142.0,-271.0
3772,142.0,-270.0
3773,142.0,-269.0
3774,142.0,-268.0
3775,142.0,-267.0
3776,142.0,-266.0
3777,142.0,-265.0
3778,142.0,-264.0
3779,142.0,-263.0
3780,142.0,-262.0
3781,142.0,-261.0
3782,142.0,-260.0
3783,142.0,-259.0
3784,142.0,-258.0
3785,142.0,-257.0
3786,142.0,-256.0
3787,142.0,-255.0
3788,142.0,-254.0
3789,142.0,-253.0
3790,142.0,-252.0
3791,142.0,-251.0
3792,142.0,-250.0
3793,142.0,-249.0
3794,142.0,-248.0
3795,142.0,-247.0
3796,142.0,-246.0
3797,142.0,-245.0
3798,142.0,-244.0
3799,142.0,-243.0
3800,142.0,-242.0
3801,142.0,-241.0
3802,142.0,-240.0
3803,142.0,-239.0
3804,142.0,-238.0
3805,142.0,-237.0
3806,142.0,-236.0
3807,142.0,-235.0
3808,142.0,-234.0
3809,142.0,-233.0
3810,142.0,-232.0
3811,142.0,-231.0
3812,142.0,-230.0
3813,142.0,-229.0
3814,142.0,-228.0
3815,142.0,-227.0
3816,142.0,-226.0
3817,142.0,-225.0
3818,142.0,-224.0
3819,142.0,-223.0
3820,142.0,-222.0
3821,142.0,-221.0
3822,142.0,-220.0
3823,142.0,-219.0
3824,142.0,-218.0
3825,142.0,-217.0
3826,142.0,-216.0
3827,142.0,-215.0
3828,142.0,-214.0
3829,142.0,-213.0
3830,142.0,-212.0
3831,142.0,-211.0
3832,142.0,-210.0
3833,142.0,-209.0
3834,142.0,-208.0
3835,142.0,-207.0
3836,142.0,-206.0
3837,142.0,-205.0
3838,142.0,-204.0
3839,142.0,-203.0
3840,142.0,-202.0
3841,142.0,-201.0
3842,142.0,-200.0
3843,142.0,-199.0
3844,142.0,-198.0
3845,142.0,-197.0
3846,142.0,-196.0
3847,142.0,-195.0
3848,142.0,-194.0
3849,142.0,-193.0
3850,142.0,-192.0
3851,142.0,-191.0
3852,142.0,-190.0
3853,142.0,-189.0
3854,142.0,-188.0
3855,142.0,-187.0
3856,142.0,-186.0
3857,142.0,-185.0
3858,142.0,-184.0
3859,142.0,-183.0
3860,142.0,-182.0
3861,142.0,-181.0
3862,142.0,-180.0
3863,142.0,-179.0
3864,142.0,-178.0
3865,142.0,-177.0
3866,142.0,-176.0
3867,142.0,-175.0
3868,142.0,-174.0
3869,142.0,-173.0
3870,142.0,-172.0
3871,142.0,-171.0
3872,142.0,-170.0
3873,142.0,-169.0
3874,142.0,-168.0
3875,142.0,-167.0
3876,142.0,-166.0
3877,142.0,-165.0
3878,142.0,-164.0
3879,142.0,-163.0
3880,142.0,-162.0
3881,142.0,-161.0
3882,142.0,-160.0
3883,142.0,-159.0
3884,142.0,-158.0
3885,142.0,-157.0
3886,142.0,-156.0
3887,142.0,-155.0
3888,142.0,-154.0
3889,142.0,-153.0
3890,142.0,-152.0
3891,142.0,-151.0
3892,142.0,-150.0
3893,142.0,-149.0
3894,142.0,-148.0
3895,142.0,-147.0
3896,142.0,-146.0
3897,142.0,-145.0
3898,142.0,-144.0
3899,142.0,-143.0
3900,143.0,-142.0
3901,144.0,-141.0
3902,143.0,-142.0
3903,142.0,-142.0
3904,142.0,-143.0
3905,141.0,-142.0
3906,142.0,-142.0
3907,141.0,-142.0
3908,140.0,-143.0
3909,139.0,-143.0
3910,138.0,-143.0
3911,137.0,-143.0
3912,136.0,-144.0
3913,135.0,-144.0
3914,134.0,-145.0
3915,133.0,-145.0
3916,132.0,-145.0
3917,131.0,-146.0
3918,130.0,-147.0
3919,129.0,-148.0
3920,129.0,-149.0
3921,129.0,-150.0
3922,129.0,-151.0
3923,129.0,-152.0
3924,129.0,-153.0
3925,129.0,-154.0
3926,129.0,-155.0
3927,129.0,-156.0
3928,129.0,-157.0
3929,129.0,-158.0
3930,129.0,-159.0
3931,129.0,-160.0
3932,129.0,-161.0
3933,129.0,-162.0
3934,129.0,-163.0
3935,129.0,-164.0
3936,129.0,-165.0
3937,129.0,-166.0
3938,129.0,-167.0
3939,129.0,-168.0
3940,129.0,-169.0
3941,129.0,-170.0
3942,129.0,-171.0
3943,129.0,-172.0
3944,129.0,-173.0
3945,129.0,-174.0
3946,129.0,-175.0
3947,129.0,-176.0
3948,129.0,-177.0
3949,129.0,-178.0
3950,129.0,-179.0
3951,129.0,-180.0
3952,129.0,-181.0
3953,129.0,-182.0
3954,129.0,-183.0
3955,129.0,-184.0
3956,129.0,-185.0
3957,129.0,-186.0
3958,129.0,-187.0
3959,129.0,-188.0
3960,129.0,-189.0
3961,129.0,-190.0
3962,129.0,-191.0
3963,129.0,-192.0
3964,129.0,-193.0
3965,129.0,-194.0
3966,129.0,-195.0
3967,129.0,-196.0
3968,129.0,-197.0
3969,129.0,-198.0
3970,129.0,-199.0
3971,129.0,-200.0
3972,129.0,-201.0
3973,129.0,-202.0
3974,129.0,-203.0
3975,129.0,-204.0
3976,129.0,-205.0
3977,129.0,-206.0
3978,129.0,-207.0
3979,129.0,-208.0
3980,129.0,-209.0
3981,129.0,-210.0
3982,129.0,-211.0
3983,129.0,-212.0
3984,129.0,-213.0
3985,129.0,-214.0
3986,129.0,-215.0
3987,129.0,-216.0
3988,129.0,-217.0
3989,129.0,-218.0
3990,129.0,-219.0
3991,129.0,-220.0
3992,129.0,-221.0
3993,129.0,-222.0
3994,129.0,-223.0
3995,129.0,-224.0
3996,129.0,-225.0
3997,129.0,-226.0
3998,129.0,-227.0
3999,129.0,-228.0
4000,129.0,-229.0
4001,129.0,-230.0
4002,129.0,-231.0
4003,129.0,-232.0
4004,129.0,-233.0
4005,129.0,-234.0
4006,129.0,-235.0
4007,129.0,-236.0
4008,129.0,-237.0
4009,129.0,-238.0
4010,129.0,-239.0
4011,129.0,-240.0
4012,129.0,-241.0
4013,129.0,-242.0
4014,129.0,-243.0
4015,129.0,-244.0
4016,129.0,-245.0
4017,129.0,-246.0
4018,129.0,-247.0
4019,129.0,-248.0
4020,129.0,-249.0
4021,129.0,-250.0
4022,129.0,-251.0
4023,129.0,-252.0
4024,129.0,-253.0
4025,129.0,-254.0
4026,129.0,-255.0
4027,129.0,-256.0
4028,129.0,-257.0
4029,129.0,-258.0
4030,129.0,-259.0
4031,129.0,-260.0
4032,129.0,-261.0
4033,129.0,-262.0
4034,129.0,-263.0
4035,129.0,-264.0
4036,129.0,-265.0
4037,129.0,-266.0
4038,129.0,-267.0
4039,129.0,-268.0
4040,129.0,-269.0
4041,129.0,-270.0
4042,129.0,-271.0
4043,129.0,-272.0
